0 verbose cli /nix/store/0kh1y9df3ipxa8b3gkwghzjwwn07y23n-nodejs-20.19.5/bin/node /nix/store/0kh1y9df3ipxa8b3gkwghzjwwn07y23n-nodejs-20.19.5/bin/npm
1 info using npm@10.8.2
2 info using node@v20.19.5
3 silly config load:file:/nix/store/0kh1y9df3ipxa8b3gkwghzjwwn07y23n-nodejs-20.19.5/lib/node_modules/npm/npmrc
4 silly config load:file:/home/orta/Documentos/GitHub/Calculadora de IVAs e ISRs/.npmrc
5 silly config load:file:/home/orta/.npmrc
6 silly config load:file:/nix/store/0kh1y9df3ipxa8b3gkwghzjwwn07y23n-nodejs-20.19.5/etc/npmrc
7 verbose title npm install
8 verbose argv "install"
9 verbose logfile logs-max:10 dir:/home/orta/Documentos/GitHub/Calculadora de IVAs e ISRs/.npm-cache/_logs/2025-10-12T17_38_43_767Z-
10 verbose logfile /home/orta/Documentos/GitHub/Calculadora de IVAs e ISRs/.npm-cache/_logs/2025-10-12T17_38_43_767Z-debug-0.log
11 silly packumentCache heap:2197815296 maxSize:549453824 maxEntrySize:274726912
12 silly logfile done cleaning log files
13 silly idealTree buildDeps
14 silly fetch manifest react@19.1.0
15 silly packumentCache full:https://registry.npmjs.org/react cache-miss
16 http fetch GET 200 https://registry.npmjs.org/react 558ms (cache miss)
17 silly packumentCache full:https://registry.npmjs.org/react set size:undefined disposed:false
18 silly fetch manifest react-dom@19.1.0
19 silly packumentCache full:https://registry.npmjs.org/react-dom cache-miss
20 http fetch GET 200 https://registry.npmjs.org/react-dom 406ms (cache miss)
21 silly packumentCache full:https://registry.npmjs.org/react-dom set size:undefined disposed:false
22 silly fetch manifest next@15.5.4
23 silly packumentCache full:https://registry.npmjs.org/next cache-miss
24 http fetch GET 200 https://registry.npmjs.org/next 803ms (cache miss)
25 silly packumentCache full:https://registry.npmjs.org/next set size:undefined disposed:false
26 silly fetch manifest @opentelemetry/api@^1.1.0
27 silly packumentCache full:https://registry.npmjs.org/@opentelemetry%2fapi cache-miss
28 http fetch GET 200 https://registry.npmjs.org/@opentelemetry%2fapi 326ms (cache miss)
29 silly packumentCache full:https://registry.npmjs.org/@opentelemetry%2fapi set size:undefined disposed:false
30 silly fetch manifest @playwright/test@^1.51.1
31 silly packumentCache full:https://registry.npmjs.org/@playwright%2ftest cache-miss
32 http fetch GET 200 https://registry.npmjs.org/@playwright%2ftest 434ms (cache miss)
33 silly packumentCache full:https://registry.npmjs.org/@playwright%2ftest set size:undefined disposed:false
34 silly fetch manifest babel-plugin-react-compiler@*
35 silly packumentCache full:https://registry.npmjs.org/babel-plugin-react-compiler cache-miss
36 http fetch GET 200 https://registry.npmjs.org/babel-plugin-react-compiler 668ms (cache miss)
37 silly packumentCache full:https://registry.npmjs.org/babel-plugin-react-compiler set size:undefined disposed:false
38 silly fetch manifest sass@^1.3.0
39 silly packumentCache full:https://registry.npmjs.org/sass cache-miss
40 http fetch GET 200 https://registry.npmjs.org/sass 142ms (cache miss)
41 silly packumentCache full:https://registry.npmjs.org/sass set size:undefined disposed:false
42 silly fetch manifest typescript@^5
43 silly packumentCache full:https://registry.npmjs.org/typescript cache-miss
44 http fetch GET 200 https://registry.npmjs.org/typescript 552ms (cache miss)
45 silly packumentCache full:https://registry.npmjs.org/typescript set size:undefined disposed:false
46 silly fetch manifest @types/node@^20
47 silly packumentCache full:https://registry.npmjs.org/@types%2fnode cache-miss
48 http fetch GET 200 https://registry.npmjs.org/@types%2fnode 343ms (cache miss)
49 silly packumentCache full:https://registry.npmjs.org/@types%2fnode set size:undefined disposed:false
50 silly fetch manifest @types/react@^19
51 silly packumentCache full:https://registry.npmjs.org/@types%2freact cache-miss
52 http fetch GET 200 https://registry.npmjs.org/@types%2freact 507ms (cache miss)
53 silly packumentCache full:https://registry.npmjs.org/@types%2freact set size:undefined disposed:false
54 silly fetch manifest @types/react-dom@^19
55 silly packumentCache full:https://registry.npmjs.org/@types%2freact-dom cache-miss
56 http fetch GET 200 https://registry.npmjs.org/@types%2freact-dom 503ms (cache miss)
57 silly packumentCache full:https://registry.npmjs.org/@types%2freact-dom set size:undefined disposed:false
58 silly fetch manifest @tailwindcss/postcss@^4
59 silly packumentCache full:https://registry.npmjs.org/@tailwindcss%2fpostcss cache-miss
60 http fetch GET 200 https://registry.npmjs.org/@tailwindcss%2fpostcss 663ms (cache miss)
61 silly packumentCache full:https://registry.npmjs.org/@tailwindcss%2fpostcss set size:undefined disposed:false
62 silly fetch manifest tailwindcss@^4
63 silly packumentCache full:https://registry.npmjs.org/tailwindcss cache-miss
64 http fetch GET 200 https://registry.npmjs.org/tailwindcss 343ms (cache miss)
65 silly packumentCache full:https://registry.npmjs.org/tailwindcss set size:undefined disposed:false
66 silly fetch manifest eslint@^9
67 silly packumentCache full:https://registry.npmjs.org/eslint cache-miss
68 http fetch GET 200 https://registry.npmjs.org/eslint 149ms (cache miss)
69 silly packumentCache full:https://registry.npmjs.org/eslint set size:undefined disposed:false
70 silly fetch manifest jiti@*
71 silly packumentCache full:https://registry.npmjs.org/jiti cache-miss
72 http fetch GET 200 https://registry.npmjs.org/jiti 139ms (cache miss)
73 silly packumentCache full:https://registry.npmjs.org/jiti set size:undefined disposed:false
74 silly fetch manifest eslint-config-next@15.5.4
75 silly packumentCache full:https://registry.npmjs.org/eslint-config-next cache-miss
76 http fetch GET 200 https://registry.npmjs.org/eslint-config-next 186ms (cache miss)
77 silly packumentCache full:https://registry.npmjs.org/eslint-config-next set size:undefined disposed:false
78 silly fetch manifest @eslint/eslintrc@^3
79 silly packumentCache full:https://registry.npmjs.org/@eslint%2feslintrc cache-miss
80 http fetch GET 200 https://registry.npmjs.org/@eslint%2feslintrc 284ms (cache miss)
81 silly packumentCache full:https://registry.npmjs.org/@eslint%2feslintrc set size:undefined disposed:false
82 silly placeDep ROOT @eslint/eslintrc@3.3.1 OK for: mi-app@0.1.0 want: ^3
83 silly placeDep ROOT @tailwindcss/postcss@4.1.14 OK for: mi-app@0.1.0 want: ^4
84 silly placeDep ROOT @types/node@20.19.21 OK for: mi-app@0.1.0 want: ^20
85 silly placeDep ROOT @types/react@19.2.2 OK for: mi-app@0.1.0 want: ^19
86 silly placeDep ROOT @types/react-dom@19.2.1 OK for: mi-app@0.1.0 want: ^19
87 silly placeDep ROOT eslint@9.37.0 OK for: mi-app@0.1.0 want: ^9
88 silly placeDep ROOT eslint-config-next@15.5.4 OK for: mi-app@0.1.0 want: 15.5.4
89 silly placeDep ROOT next@15.5.4 OK for: mi-app@0.1.0 want: 15.5.4
90 silly placeDep ROOT react@19.1.0 OK for: next@15.5.4 want: ^18.2.0 || 19.0.0-rc-de68d2f4-20241204 || ^19.0.0
91 silly placeDep ROOT react-dom@19.1.0 OK for: next@15.5.4 want: ^18.2.0 || 19.0.0-rc-de68d2f4-20241204 || ^19.0.0
92 silly placeDep ROOT tailwindcss@4.1.14 OK for: mi-app@0.1.0 want: ^4
93 silly placeDep ROOT typescript@5.9.3 OK for: mi-app@0.1.0 want: ^5
94 silly fetch manifest ajv@^6.12.4
95 silly packumentCache full:https://registry.npmjs.org/ajv cache-miss
96 silly fetch manifest debug@^4.3.2
97 silly packumentCache full:https://registry.npmjs.org/debug cache-miss
98 silly fetch manifest espree@^10.0.1
99 silly packumentCache full:https://registry.npmjs.org/espree cache-miss
100 silly fetch manifest globals@^14.0.0
101 silly packumentCache full:https://registry.npmjs.org/globals cache-miss
102 silly fetch manifest ignore@^5.2.0
103 silly packumentCache full:https://registry.npmjs.org/ignore cache-miss
104 silly fetch manifest import-fresh@^3.2.1
105 silly packumentCache full:https://registry.npmjs.org/import-fresh cache-miss
106 silly fetch manifest js-yaml@^4.1.0
107 silly packumentCache full:https://registry.npmjs.org/js-yaml cache-miss
108 silly fetch manifest minimatch@^3.1.2
109 silly packumentCache full:https://registry.npmjs.org/minimatch cache-miss
110 silly fetch manifest strip-json-comments@^3.1.1
111 silly packumentCache full:https://registry.npmjs.org/strip-json-comments cache-miss
112 silly fetch manifest postcss@^8.4.41
113 silly packumentCache full:https://registry.npmjs.org/postcss cache-miss
114 silly fetch manifest tailwindcss@4.1.14
115 silly packumentCache full:https://registry.npmjs.org/tailwindcss cache-miss
116 http fetch GET 200 https://registry.npmjs.org/tailwindcss 236ms (cache hit)
117 silly packumentCache full:https://registry.npmjs.org/tailwindcss set size:9676540 disposed:false
118 silly fetch manifest @alloc/quick-lru@^5.2.0
119 silly packumentCache full:https://registry.npmjs.org/@alloc%2fquick-lru cache-miss
120 http fetch GET 200 https://registry.npmjs.org/strip-json-comments 354ms (cache miss)
121 silly packumentCache full:https://registry.npmjs.org/strip-json-comments set size:undefined disposed:false
122 silly fetch manifest @tailwindcss/node@4.1.14
123 silly packumentCache full:https://registry.npmjs.org/@tailwindcss%2fnode cache-miss
124 http fetch GET 200 https://registry.npmjs.org/js-yaml 368ms (cache miss)
125 silly packumentCache full:https://registry.npmjs.org/js-yaml set size:undefined disposed:false
126 silly fetch manifest @tailwindcss/oxide@4.1.14
127 silly packumentCache full:https://registry.npmjs.org/@tailwindcss%2foxide cache-miss
128 http fetch GET 200 https://registry.npmjs.org/debug 388ms (cache miss)
129 silly packumentCache full:https://registry.npmjs.org/debug set size:undefined disposed:false
130 silly fetch manifest undici-types@~6.21.0
131 silly packumentCache full:https://registry.npmjs.org/undici-types cache-miss
132 http fetch GET 200 https://registry.npmjs.org/ignore 391ms (cache miss)
133 silly packumentCache full:https://registry.npmjs.org/ignore set size:undefined disposed:false
134 silly fetch manifest csstype@^3.0.2
135 silly packumentCache full:https://registry.npmjs.org/csstype cache-miss
136 http fetch GET 200 https://registry.npmjs.org/espree 400ms (cache miss)
137 silly packumentCache full:https://registry.npmjs.org/espree set size:undefined disposed:false
138 silly fetch manifest @eslint-community/eslint-utils@^4.8.0
139 silly packumentCache full:https://registry.npmjs.org/@eslint-community%2feslint-utils cache-miss
140 http fetch GET 200 https://registry.npmjs.org/globals 405ms (cache miss)
141 silly packumentCache full:https://registry.npmjs.org/globals set size:undefined disposed:false
142 silly fetch manifest @eslint-community/regexpp@^4.12.1
143 silly packumentCache full:https://registry.npmjs.org/@eslint-community%2fregexpp cache-miss
144 http fetch GET 200 https://registry.npmjs.org/ajv 416ms (cache miss)
145 silly packumentCache full:https://registry.npmjs.org/ajv set size:undefined disposed:false
146 silly fetch manifest @eslint/config-array@^0.21.0
147 silly packumentCache full:https://registry.npmjs.org/@eslint%2fconfig-array cache-miss
148 http fetch GET 200 https://registry.npmjs.org/import-fresh 497ms (cache miss)
149 silly packumentCache full:https://registry.npmjs.org/import-fresh set size:undefined disposed:false
150 silly fetch manifest @eslint/config-helpers@^0.4.0
151 silly packumentCache full:https://registry.npmjs.org/@eslint%2fconfig-helpers cache-miss
152 http fetch GET 200 https://registry.npmjs.org/postcss 505ms (cache miss)
153 silly packumentCache full:https://registry.npmjs.org/postcss set size:undefined disposed:false
154 silly fetch manifest @eslint/core@^0.16.0
155 silly packumentCache full:https://registry.npmjs.org/@eslint%2fcore cache-miss
156 http fetch GET 200 https://registry.npmjs.org/undici-types 189ms (cache miss)
157 silly packumentCache full:https://registry.npmjs.org/undici-types set size:undefined disposed:false
158 silly fetch manifest @eslint/js@9.37.0
159 silly packumentCache full:https://registry.npmjs.org/@eslint%2fjs cache-miss
160 http fetch GET 200 https://registry.npmjs.org/minimatch 589ms (cache miss)
161 silly packumentCache full:https://registry.npmjs.org/minimatch set size:undefined disposed:false
162 silly fetch manifest @eslint/plugin-kit@^0.4.0
163 silly packumentCache full:https://registry.npmjs.org/@eslint%2fplugin-kit cache-miss
164 http fetch GET 200 https://registry.npmjs.org/csstype 245ms (cache miss)
165 silly packumentCache full:https://registry.npmjs.org/csstype set size:undefined disposed:false
166 silly fetch manifest @humanfs/node@^0.16.6
167 silly packumentCache full:https://registry.npmjs.org/@humanfs%2fnode cache-miss
168 http fetch GET 200 https://registry.npmjs.org/@alloc%2fquick-lru 330ms (cache miss)
169 silly packumentCache full:https://registry.npmjs.org/@alloc%2fquick-lru set size:undefined disposed:false
170 silly fetch manifest @humanwhocodes/module-importer@^1.0.1
171 silly packumentCache full:https://registry.npmjs.org/@humanwhocodes%2fmodule-importer cache-miss
172 http fetch GET 200 https://registry.npmjs.org/@eslint-community%2fregexpp 295ms (cache miss)
173 silly packumentCache full:https://registry.npmjs.org/@eslint-community%2fregexpp set size:undefined disposed:false
174 silly fetch manifest @humanwhocodes/retry@^0.4.2
175 silly packumentCache full:https://registry.npmjs.org/@humanwhocodes%2fretry cache-miss
176 http fetch GET 200 https://registry.npmjs.org/@eslint-community%2feslint-utils 318ms (cache miss)
177 silly packumentCache full:https://registry.npmjs.org/@eslint-community%2feslint-utils set size:undefined disposed:false
178 silly fetch manifest @types/estree@^1.0.6
179 silly packumentCache full:https://registry.npmjs.org/@types%2festree cache-miss
180 http fetch GET 200 https://registry.npmjs.org/@eslint%2fconfig-helpers 259ms (cache miss)
181 silly packumentCache full:https://registry.npmjs.org/@eslint%2fconfig-helpers set size:undefined disposed:false
182 silly fetch manifest @types/json-schema@^7.0.15
183 silly packumentCache full:https://registry.npmjs.org/@types%2fjson-schema cache-miss
184 http fetch GET 200 https://registry.npmjs.org/@eslint%2fconfig-array 354ms (cache miss)
185 silly packumentCache full:https://registry.npmjs.org/@eslint%2fconfig-array set size:undefined disposed:false
186 silly fetch manifest chalk@^4.0.0
187 silly packumentCache full:https://registry.npmjs.org/chalk cache-miss
188 http fetch GET 200 https://registry.npmjs.org/@eslint%2fcore 252ms (cache miss)
189 silly packumentCache full:https://registry.npmjs.org/@eslint%2fcore set size:undefined disposed:false
190 silly fetch manifest cross-spawn@^7.0.6
191 silly packumentCache full:https://registry.npmjs.org/cross-spawn cache-miss
192 http fetch GET 200 https://registry.npmjs.org/@tailwindcss%2fnode 437ms (cache miss)
193 silly packumentCache full:https://registry.npmjs.org/@tailwindcss%2fnode set size:undefined disposed:false
194 silly fetch manifest escape-string-regexp@^4.0.0
195 silly packumentCache full:https://registry.npmjs.org/escape-string-regexp cache-miss
196 http fetch GET 200 https://registry.npmjs.org/@eslint%2fplugin-kit 258ms (cache miss)
197 silly packumentCache full:https://registry.npmjs.org/@eslint%2fplugin-kit set size:undefined disposed:false
198 silly fetch manifest eslint-scope@^8.4.0
199 silly packumentCache full:https://registry.npmjs.org/eslint-scope cache-miss
200 http fetch GET 200 https://registry.npmjs.org/@eslint%2fjs 326ms (cache miss)
201 silly packumentCache full:https://registry.npmjs.org/@eslint%2fjs set size:undefined disposed:false
202 silly fetch manifest eslint-visitor-keys@^4.2.1
203 silly packumentCache full:https://registry.npmjs.org/eslint-visitor-keys cache-miss
204 http fetch GET 200 https://registry.npmjs.org/@humanfs%2fnode 282ms (cache miss)
205 silly packumentCache full:https://registry.npmjs.org/@humanfs%2fnode set size:undefined disposed:false
206 silly fetch manifest espree@^10.4.0
207 silly packumentCache full:https://registry.npmjs.org/espree cache-miss
208 http fetch GET 200 https://registry.npmjs.org/@humanwhocodes%2fmodule-importer 276ms (cache miss)
209 silly packumentCache full:https://registry.npmjs.org/@humanwhocodes%2fmodule-importer set size:undefined disposed:false
210 silly fetch manifest esquery@^1.5.0
211 silly packumentCache full:https://registry.npmjs.org/esquery cache-miss
212 http fetch GET 200 https://registry.npmjs.org/@types%2festree 248ms (cache miss)
213 silly packumentCache full:https://registry.npmjs.org/@types%2festree set size:undefined disposed:false
214 silly fetch manifest esutils@^2.0.2
215 silly packumentCache full:https://registry.npmjs.org/esutils cache-miss
216 http fetch GET 200 https://registry.npmjs.org/cross-spawn 181ms (cache miss)
217 silly packumentCache full:https://registry.npmjs.org/cross-spawn set size:undefined disposed:false
218 silly fetch manifest fast-deep-equal@^3.1.3
219 silly packumentCache full:https://registry.npmjs.org/fast-deep-equal cache-miss
220 http fetch GET 200 https://registry.npmjs.org/chalk 207ms (cache miss)
221 silly packumentCache full:https://registry.npmjs.org/chalk set size:undefined disposed:false
222 silly fetch manifest file-entry-cache@^8.0.0
223 silly packumentCache full:https://registry.npmjs.org/file-entry-cache cache-miss
224 http fetch GET 200 https://registry.npmjs.org/@types%2fjson-schema 250ms (cache miss)
225 silly packumentCache full:https://registry.npmjs.org/@types%2fjson-schema set size:undefined disposed:false
226 silly fetch manifest find-up@^5.0.0
227 silly packumentCache full:https://registry.npmjs.org/find-up cache-miss
228 http fetch GET 200 https://registry.npmjs.org/espree 84ms (cache hit)
229 silly packumentCache full:https://registry.npmjs.org/espree set size:315544 disposed:false
230 silly fetch manifest glob-parent@^6.0.2
231 silly packumentCache full:https://registry.npmjs.org/glob-parent cache-miss
232 http fetch GET 200 https://registry.npmjs.org/@humanwhocodes%2fretry 321ms (cache miss)
233 silly packumentCache full:https://registry.npmjs.org/@humanwhocodes%2fretry set size:undefined disposed:false
234 silly fetch manifest imurmurhash@^0.1.4
235 silly packumentCache full:https://registry.npmjs.org/imurmurhash cache-miss
236 http fetch GET 200 https://registry.npmjs.org/escape-string-regexp 203ms (cache miss)
237 silly packumentCache full:https://registry.npmjs.org/escape-string-regexp set size:undefined disposed:false
238 silly fetch manifest is-glob@^4.0.0
239 silly packumentCache full:https://registry.npmjs.org/is-glob cache-miss
240 http fetch GET 200 https://registry.npmjs.org/eslint-scope 165ms (cache miss)
241 silly packumentCache full:https://registry.npmjs.org/eslint-scope set size:undefined disposed:false
242 silly fetch manifest json-stable-stringify-without-jsonify@^1.0.1
243 silly packumentCache full:https://registry.npmjs.org/json-stable-stringify-without-jsonify cache-miss
244 http fetch GET 200 https://registry.npmjs.org/eslint-visitor-keys 127ms (cache miss)
245 silly packumentCache full:https://registry.npmjs.org/eslint-visitor-keys set size:undefined disposed:false
246 silly fetch manifest lodash.merge@^4.6.2
247 silly packumentCache full:https://registry.npmjs.org/lodash.merge cache-miss
248 http fetch GET 200 https://registry.npmjs.org/@tailwindcss%2foxide 688ms (cache miss)
249 silly packumentCache full:https://registry.npmjs.org/@tailwindcss%2foxide set size:undefined disposed:false
250 silly fetch manifest natural-compare@^1.4.0
251 silly packumentCache full:https://registry.npmjs.org/natural-compare cache-miss
252 http fetch GET 200 https://registry.npmjs.org/esutils 105ms (cache miss)
253 silly packumentCache full:https://registry.npmjs.org/esutils set size:undefined disposed:false
254 silly fetch manifest optionator@^0.9.3
255 silly packumentCache full:https://registry.npmjs.org/optionator cache-miss
256 http fetch GET 200 https://registry.npmjs.org/fast-deep-equal 102ms (cache miss)
257 silly packumentCache full:https://registry.npmjs.org/fast-deep-equal set size:undefined disposed:false
258 silly fetch manifest eslint-plugin-react@^7.37.0
259 silly packumentCache full:https://registry.npmjs.org/eslint-plugin-react cache-miss
260 http fetch GET 200 https://registry.npmjs.org/esquery 141ms (cache miss)
261 silly packumentCache full:https://registry.npmjs.org/esquery set size:undefined disposed:false
262 silly fetch manifest eslint-plugin-import@^2.31.0
263 silly packumentCache full:https://registry.npmjs.org/eslint-plugin-import cache-miss
264 http fetch GET 200 https://registry.npmjs.org/imurmurhash 72ms (cache miss)
265 silly packumentCache full:https://registry.npmjs.org/imurmurhash set size:undefined disposed:false
266 silly fetch manifest eslint-plugin-jsx-a11y@^6.10.0
267 silly packumentCache full:https://registry.npmjs.org/eslint-plugin-jsx-a11y cache-miss
268 http fetch GET 200 https://registry.npmjs.org/find-up 87ms (cache miss)
269 silly packumentCache full:https://registry.npmjs.org/find-up set size:undefined disposed:false
270 silly fetch manifest @rushstack/eslint-patch@^1.10.3
271 silly packumentCache full:https://registry.npmjs.org/@rushstack%2feslint-patch cache-miss
272 http fetch GET 200 https://registry.npmjs.org/file-entry-cache 123ms (cache miss)
273 silly packumentCache full:https://registry.npmjs.org/file-entry-cache set size:undefined disposed:false
274 silly fetch manifest @next/eslint-plugin-next@15.5.4
275 silly packumentCache full:https://registry.npmjs.org/@next%2feslint-plugin-next cache-miss
276 http fetch GET 200 https://registry.npmjs.org/lodash.merge 86ms (cache miss)
277 silly packumentCache full:https://registry.npmjs.org/lodash.merge set size:undefined disposed:false
278 silly fetch manifest @typescript-eslint/parser@^5.4.2 || ^6.0.0 || ^7.0.0 || ^8.0.0
279 silly packumentCache full:https://registry.npmjs.org/@typescript-eslint%2fparser cache-miss
280 http fetch GET 200 https://registry.npmjs.org/glob-parent 127ms (cache miss)
281 silly packumentCache full:https://registry.npmjs.org/glob-parent set size:undefined disposed:false
282 silly fetch manifest eslint-plugin-react-hooks@^5.0.0
283 silly packumentCache full:https://registry.npmjs.org/eslint-plugin-react-hooks cache-miss
284 http fetch GET 200 https://registry.npmjs.org/is-glob 120ms (cache miss)
285 silly packumentCache full:https://registry.npmjs.org/is-glob set size:undefined disposed:false
286 silly fetch manifest eslint-import-resolver-node@^0.3.6
287 silly packumentCache full:https://registry.npmjs.org/eslint-import-resolver-node cache-miss
288 http fetch GET 200 https://registry.npmjs.org/natural-compare 102ms (cache miss)
289 silly packumentCache full:https://registry.npmjs.org/natural-compare set size:undefined disposed:false
290 silly fetch manifest @typescript-eslint/eslint-plugin@^5.4.2 || ^6.0.0 || ^7.0.0 || ^8.0.0
291 silly packumentCache full:https://registry.npmjs.org/@typescript-eslint%2feslint-plugin cache-miss
292 http fetch GET 200 https://registry.npmjs.org/eslint-plugin-react 99ms (cache miss)
293 silly packumentCache full:https://registry.npmjs.org/eslint-plugin-react set size:undefined disposed:false
294 silly fetch manifest eslint-import-resolver-typescript@^3.5.2
295 silly packumentCache full:https://registry.npmjs.org/eslint-import-resolver-typescript cache-miss
296 http fetch GET 200 https://registry.npmjs.org/eslint-plugin-import 105ms (cache miss)
297 silly packumentCache full:https://registry.npmjs.org/eslint-plugin-import set size:undefined disposed:false
298 silly fetch manifest postcss@8.4.31
299 silly packumentCache full:https://registry.npmjs.org/postcss cache-miss
300 http fetch GET 200 https://registry.npmjs.org/optionator 124ms (cache miss)
301 silly packumentCache full:https://registry.npmjs.org/optionator set size:undefined disposed:false
302 silly fetch manifest @next/env@15.5.4
303 silly packumentCache full:https://registry.npmjs.org/@next%2fenv cache-miss
304 http fetch GET 200 https://registry.npmjs.org/postcss 11ms (cache hit)
305 silly packumentCache full:https://registry.npmjs.org/postcss set size:696248 disposed:false
306 silly fetch manifest styled-jsx@5.1.6
307 silly packumentCache full:https://registry.npmjs.org/styled-jsx cache-miss
308 http fetch GET 200 https://registry.npmjs.org/json-stable-stringify-without-jsonify 191ms (cache miss)
309 silly packumentCache full:https://registry.npmjs.org/json-stable-stringify-without-jsonify set size:undefined disposed:false
310 silly fetch manifest @swc/helpers@0.5.15
311 silly packumentCache full:https://registry.npmjs.org/@swc%2fhelpers cache-miss
312 http fetch GET 200 https://registry.npmjs.org/eslint-plugin-jsx-a11y 130ms (cache miss)
313 silly packumentCache full:https://registry.npmjs.org/eslint-plugin-jsx-a11y set size:undefined disposed:false
314 silly fetch manifest caniuse-lite@^1.0.30001579
315 silly packumentCache full:https://registry.npmjs.org/caniuse-lite cache-miss
316 http fetch GET 200 https://registry.npmjs.org/eslint-import-resolver-node 86ms (cache miss)
317 silly packumentCache full:https://registry.npmjs.org/eslint-import-resolver-node set size:undefined disposed:false
318 silly fetch manifest sharp@^0.34.3
319 silly packumentCache full:https://registry.npmjs.org/sharp cache-miss
320 http fetch GET 200 https://registry.npmjs.org/@rushstack%2feslint-patch 218ms (cache miss)
321 silly packumentCache full:https://registry.npmjs.org/@rushstack%2feslint-patch set size:undefined disposed:false
322 silly fetch manifest @next/swc-darwin-x64@15.5.4
323 silly packumentCache full:https://registry.npmjs.org/@next%2fswc-darwin-x64 cache-miss
324 http fetch GET 200 https://registry.npmjs.org/eslint-import-resolver-typescript 140ms (cache miss)
325 silly packumentCache full:https://registry.npmjs.org/eslint-import-resolver-typescript set size:undefined disposed:false
326 silly fetch manifest @next/swc-darwin-arm64@15.5.4
327 silly packumentCache full:https://registry.npmjs.org/@next%2fswc-darwin-arm64 cache-miss
328 http fetch GET 200 https://registry.npmjs.org/styled-jsx 177ms (cache miss)
329 silly packumentCache full:https://registry.npmjs.org/styled-jsx set size:undefined disposed:false
330 silly fetch manifest @next/swc-linux-x64-gnu@15.5.4
331 silly packumentCache full:https://registry.npmjs.org/@next%2fswc-linux-x64-gnu cache-miss
332 http fetch GET 200 https://registry.npmjs.org/sharp 290ms (cache miss)
333 silly packumentCache full:https://registry.npmjs.org/sharp set size:undefined disposed:false
334 silly fetch manifest @next/swc-linux-x64-musl@15.5.4
335 silly packumentCache full:https://registry.npmjs.org/@next%2fswc-linux-x64-musl cache-miss
336 http fetch GET 200 https://registry.npmjs.org/@swc%2fhelpers 324ms (cache miss)
337 silly packumentCache full:https://registry.npmjs.org/@swc%2fhelpers set size:undefined disposed:false
338 silly fetch manifest @next/swc-win32-x64-msvc@15.5.4
339 silly packumentCache full:https://registry.npmjs.org/@next%2fswc-win32-x64-msvc cache-miss
340 http fetch GET 200 https://registry.npmjs.org/caniuse-lite 339ms (cache miss)
341 silly packumentCache full:https://registry.npmjs.org/caniuse-lite set size:undefined disposed:false
342 silly fetch manifest @next/swc-linux-arm64-gnu@15.5.4
343 silly packumentCache full:https://registry.npmjs.org/@next%2fswc-linux-arm64-gnu cache-miss
344 http fetch GET 200 https://registry.npmjs.org/eslint-plugin-react-hooks 438ms (cache miss)
345 silly packumentCache full:https://registry.npmjs.org/eslint-plugin-react-hooks set size:undefined disposed:false
346 silly fetch manifest @next/swc-linux-arm64-musl@15.5.4
347 silly packumentCache full:https://registry.npmjs.org/@next%2fswc-linux-arm64-musl cache-miss
348 http fetch GET 200 https://registry.npmjs.org/@next%2feslint-plugin-next 564ms (cache miss)
349 silly packumentCache full:https://registry.npmjs.org/@next%2feslint-plugin-next set size:undefined disposed:false
350 silly fetch manifest @next/swc-win32-arm64-msvc@15.5.4
351 silly packumentCache full:https://registry.npmjs.org/@next%2fswc-win32-arm64-msvc cache-miss
352 http fetch GET 200 https://registry.npmjs.org/@next%2fswc-darwin-x64 423ms (cache miss)
353 silly packumentCache full:https://registry.npmjs.org/@next%2fswc-darwin-x64 set size:undefined disposed:false
354 silly fetch manifest scheduler@^0.26.0
355 silly packumentCache full:https://registry.npmjs.org/scheduler cache-miss
356 http fetch GET 200 https://registry.npmjs.org/@next%2fswc-linux-x64-gnu 757ms (cache miss)
357 silly packumentCache full:https://registry.npmjs.org/@next%2fswc-linux-x64-gnu set size:undefined disposed:false
358 http fetch GET 200 https://registry.npmjs.org/@next%2fswc-darwin-arm64 991ms (cache miss)
359 silly packumentCache full:https://registry.npmjs.org/@next%2fswc-darwin-arm64 set size:undefined disposed:false
360 http fetch GET 200 https://registry.npmjs.org/@next%2fswc-linux-x64-musl 860ms (cache miss)
361 silly packumentCache full:https://registry.npmjs.org/@next%2fswc-linux-x64-musl set size:undefined disposed:false
362 http fetch GET 200 https://registry.npmjs.org/@next%2fswc-win32-x64-msvc 869ms (cache miss)
363 silly packumentCache full:https://registry.npmjs.org/@next%2fswc-win32-x64-msvc set size:undefined disposed:false
364 http fetch GET 200 https://registry.npmjs.org/@next%2fswc-win32-arm64-msvc 760ms (cache miss)
365 silly packumentCache full:https://registry.npmjs.org/@next%2fswc-win32-arm64-msvc set size:undefined disposed:false
366 http fetch GET 200 https://registry.npmjs.org/@next%2fswc-linux-arm64-gnu 921ms (cache miss)
367 silly packumentCache full:https://registry.npmjs.org/@next%2fswc-linux-arm64-gnu set size:undefined disposed:false
368 http fetch GET 200 https://registry.npmjs.org/scheduler 768ms (cache miss)
369 silly packumentCache full:https://registry.npmjs.org/scheduler set size:undefined disposed:false
370 http fetch GET 200 https://registry.npmjs.org/@next%2fswc-linux-arm64-musl 958ms (cache miss)
371 silly packumentCache full:https://registry.npmjs.org/@next%2fswc-linux-arm64-musl set size:undefined disposed:false
372 http fetch GET 200 https://registry.npmjs.org/@typescript-eslint%2feslint-plugin 1456ms (cache miss)
373 silly packumentCache full:https://registry.npmjs.org/@typescript-eslint%2feslint-plugin set size:undefined disposed:false
374 http fetch GET 200 https://registry.npmjs.org/@next%2fenv 1530ms (cache miss)
375 silly packumentCache full:https://registry.npmjs.org/@next%2fenv set size:undefined disposed:false
376 http fetch GET 200 https://registry.npmjs.org/@typescript-eslint%2fparser 1777ms (cache miss)
377 silly packumentCache full:https://registry.npmjs.org/@typescript-eslint%2fparser set size:undefined disposed:false
378 silly placeDep ROOT ajv@6.12.6 OK for: @eslint/eslintrc@3.3.1 want: ^6.12.4
379 silly placeDep ROOT debug@4.4.3 OK for: @eslint/eslintrc@3.3.1 want: ^4.3.2
380 silly placeDep ROOT espree@10.4.0 OK for: @eslint/eslintrc@3.3.1 want: ^10.0.1
381 silly placeDep ROOT globals@14.0.0 OK for: @eslint/eslintrc@3.3.1 want: ^14.0.0
382 silly placeDep ROOT ignore@5.3.2 OK for: @eslint/eslintrc@3.3.1 want: ^5.2.0
383 silly placeDep ROOT import-fresh@3.3.1 OK for: @eslint/eslintrc@3.3.1 want: ^3.2.1
384 silly placeDep ROOT js-yaml@4.1.0 OK for: @eslint/eslintrc@3.3.1 want: ^4.1.0
385 silly placeDep ROOT minimatch@3.1.2 OK for: @eslint/eslintrc@3.3.1 want: ^3.1.2
386 silly placeDep ROOT strip-json-comments@3.1.1 OK for: @eslint/eslintrc@3.3.1 want: ^3.1.1
387 silly fetch manifest uri-js@^4.2.2
388 silly packumentCache full:https://registry.npmjs.org/uri-js cache-miss
389 silly fetch manifest fast-deep-equal@^3.1.1
390 silly packumentCache full:https://registry.npmjs.org/fast-deep-equal cache-miss
391 silly fetch manifest json-schema-traverse@^0.4.1
392 silly packumentCache full:https://registry.npmjs.org/json-schema-traverse cache-miss
393 silly fetch manifest fast-json-stable-stringify@^2.0.0
394 silly packumentCache full:https://registry.npmjs.org/fast-json-stable-stringify cache-miss
395 silly fetch manifest ms@^2.1.3
396 silly packumentCache full:https://registry.npmjs.org/ms cache-miss
397 silly fetch manifest acorn@^8.15.0
398 silly packumentCache full:https://registry.npmjs.org/acorn cache-miss
399 silly fetch manifest acorn-jsx@^5.3.2
400 silly packumentCache full:https://registry.npmjs.org/acorn-jsx cache-miss
401 silly fetch manifest parent-module@^1.0.0
402 silly packumentCache full:https://registry.npmjs.org/parent-module cache-miss
403 silly fetch manifest resolve-from@^4.0.0
404 silly packumentCache full:https://registry.npmjs.org/resolve-from cache-miss
405 silly fetch manifest argparse@^2.0.1
406 silly packumentCache full:https://registry.npmjs.org/argparse cache-miss
407 silly fetch manifest brace-expansion@^1.1.7
408 silly packumentCache full:https://registry.npmjs.org/brace-expansion cache-miss
409 http fetch GET 200 https://registry.npmjs.org/fast-deep-equal 36ms (cache hit)
410 silly packumentCache full:https://registry.npmjs.org/fast-deep-equal set size:48634 disposed:false
411 http fetch GET 200 https://registry.npmjs.org/acorn-jsx 118ms (cache miss)
412 silly packumentCache full:https://registry.npmjs.org/acorn-jsx set size:undefined disposed:false
413 http fetch GET 200 https://registry.npmjs.org/ms 129ms (cache miss)
414 silly packumentCache full:https://registry.npmjs.org/ms set size:undefined disposed:false
415 http fetch GET 200 https://registry.npmjs.org/argparse 129ms (cache miss)
416 silly packumentCache full:https://registry.npmjs.org/argparse set size:undefined disposed:false
417 http fetch GET 200 https://registry.npmjs.org/uri-js 151ms (cache miss)
418 silly packumentCache full:https://registry.npmjs.org/uri-js set size:undefined disposed:false
419 http fetch GET 200 https://registry.npmjs.org/resolve-from 159ms (cache miss)
420 silly packumentCache full:https://registry.npmjs.org/resolve-from set size:undefined disposed:false
421 http fetch GET 200 https://registry.npmjs.org/parent-module 163ms (cache miss)
422 silly packumentCache full:https://registry.npmjs.org/parent-module set size:undefined disposed:false
423 http fetch GET 200 https://registry.npmjs.org/brace-expansion 153ms (cache miss)
424 silly packumentCache full:https://registry.npmjs.org/brace-expansion set size:undefined disposed:false
425 http fetch GET 200 https://registry.npmjs.org/fast-json-stable-stringify 176ms (cache miss)
426 silly packumentCache full:https://registry.npmjs.org/fast-json-stable-stringify set size:undefined disposed:false
427 http fetch GET 200 https://registry.npmjs.org/acorn 180ms (cache miss)
428 silly packumentCache full:https://registry.npmjs.org/acorn set size:undefined disposed:false
429 http fetch GET 200 https://registry.npmjs.org/json-schema-traverse 281ms (cache miss)
430 silly packumentCache full:https://registry.npmjs.org/json-schema-traverse set size:undefined disposed:false
431 silly placeDep ROOT @alloc/quick-lru@5.2.0 OK for: @tailwindcss/postcss@4.1.14 want: ^5.2.0
432 silly placeDep ROOT @tailwindcss/node@4.1.14 OK for: @tailwindcss/postcss@4.1.14 want: 4.1.14
433 silly placeDep ROOT @tailwindcss/oxide@4.1.14 OK for: @tailwindcss/postcss@4.1.14 want: 4.1.14
434 silly placeDep ROOT postcss@8.5.6 OK for: @tailwindcss/postcss@4.1.14 want: ^8.4.41
435 silly fetch manifest jiti@^2.6.0
436 silly packumentCache full:https://registry.npmjs.org/jiti cache-miss
437 silly fetch manifest lightningcss@1.30.1
438 silly packumentCache full:https://registry.npmjs.org/lightningcss cache-miss
439 silly fetch manifest magic-string@^0.30.19
440 silly packumentCache full:https://registry.npmjs.org/magic-string cache-miss
441 silly fetch manifest source-map-js@^1.2.1
442 silly packumentCache full:https://registry.npmjs.org/source-map-js cache-miss
443 silly fetch manifest enhanced-resolve@^5.18.3
444 silly packumentCache full:https://registry.npmjs.org/enhanced-resolve cache-miss
445 silly fetch manifest @jridgewell/remapping@^2.3.4
446 silly packumentCache full:https://registry.npmjs.org/@jridgewell%2fremapping cache-miss
447 silly fetch manifest tar@^7.5.1
448 silly packumentCache full:https://registry.npmjs.org/tar cache-miss
449 silly fetch manifest detect-libc@^2.0.4
450 silly packumentCache full:https://registry.npmjs.org/detect-libc cache-miss
451 silly fetch manifest @tailwindcss/oxide-darwin-x64@4.1.14
452 silly packumentCache full:https://registry.npmjs.org/@tailwindcss%2foxide-darwin-x64 cache-miss
453 silly fetch manifest @tailwindcss/oxide-freebsd-x64@4.1.14
454 silly packumentCache full:https://registry.npmjs.org/@tailwindcss%2foxide-freebsd-x64 cache-miss
455 silly fetch manifest @tailwindcss/oxide-wasm32-wasi@4.1.14
456 silly packumentCache full:https://registry.npmjs.org/@tailwindcss%2foxide-wasm32-wasi cache-miss
457 http fetch GET 200 https://registry.npmjs.org/jiti 54ms (cache hit)
458 silly packumentCache full:https://registry.npmjs.org/jiti set size:382310 disposed:false
459 silly fetch manifest @tailwindcss/oxide-darwin-arm64@4.1.14
460 silly packumentCache full:https://registry.npmjs.org/@tailwindcss%2foxide-darwin-arm64 cache-miss
461 http fetch GET 200 https://registry.npmjs.org/detect-libc 120ms (cache miss)
462 silly packumentCache full:https://registry.npmjs.org/detect-libc set size:undefined disposed:false
463 silly fetch manifest @tailwindcss/oxide-android-arm64@4.1.14
464 silly packumentCache full:https://registry.npmjs.org/@tailwindcss%2foxide-android-arm64 cache-miss
465 http fetch GET 200 https://registry.npmjs.org/source-map-js 141ms (cache miss)
466 silly packumentCache full:https://registry.npmjs.org/source-map-js set size:undefined disposed:false
467 silly fetch manifest @tailwindcss/oxide-linux-x64-gnu@4.1.14
468 silly packumentCache full:https://registry.npmjs.org/@tailwindcss%2foxide-linux-x64-gnu cache-miss
469 http fetch GET 200 https://registry.npmjs.org/magic-string 167ms (cache miss)
470 silly packumentCache full:https://registry.npmjs.org/magic-string set size:undefined disposed:false
471 silly fetch manifest @tailwindcss/oxide-linux-x64-musl@4.1.14
472 silly packumentCache full:https://registry.npmjs.org/@tailwindcss%2foxide-linux-x64-musl cache-miss
473 http fetch GET 200 https://registry.npmjs.org/tar 176ms (cache miss)
474 silly packumentCache full:https://registry.npmjs.org/tar set size:undefined disposed:false
475 silly fetch manifest @tailwindcss/oxide-win32-x64-msvc@4.1.14
476 silly packumentCache full:https://registry.npmjs.org/@tailwindcss%2foxide-win32-x64-msvc cache-miss
477 http fetch GET 200 https://registry.npmjs.org/lightningcss 207ms (cache miss)
478 silly packumentCache full:https://registry.npmjs.org/lightningcss set size:undefined disposed:false
479 silly fetch manifest @tailwindcss/oxide-linux-arm64-gnu@4.1.14
480 silly packumentCache full:https://registry.npmjs.org/@tailwindcss%2foxide-linux-arm64-gnu cache-miss
481 http fetch GET 200 https://registry.npmjs.org/enhanced-resolve 211ms (cache miss)
482 silly packumentCache full:https://registry.npmjs.org/enhanced-resolve set size:undefined disposed:false
483 silly fetch manifest @tailwindcss/oxide-linux-arm64-musl@4.1.14
484 silly packumentCache full:https://registry.npmjs.org/@tailwindcss%2foxide-linux-arm64-musl cache-miss
485 http fetch GET 200 https://registry.npmjs.org/@jridgewell%2fremapping 224ms (cache miss)
486 silly packumentCache full:https://registry.npmjs.org/@jridgewell%2fremapping set size:undefined disposed:false
487 silly fetch manifest @tailwindcss/oxide-win32-arm64-msvc@4.1.14
488 silly packumentCache full:https://registry.npmjs.org/@tailwindcss%2foxide-win32-arm64-msvc cache-miss
489 http fetch GET 200 https://registry.npmjs.org/@tailwindcss%2foxide-wasm32-wasi 278ms (cache miss)
490 silly packumentCache full:https://registry.npmjs.org/@tailwindcss%2foxide-wasm32-wasi set size:undefined disposed:false
491 silly fetch manifest @tailwindcss/oxide-linux-arm-gnueabihf@4.1.14
492 silly packumentCache full:https://registry.npmjs.org/@tailwindcss%2foxide-linux-arm-gnueabihf cache-miss
493 http fetch GET 200 https://registry.npmjs.org/@tailwindcss%2foxide-darwin-x64 467ms (cache miss)
494 silly packumentCache full:https://registry.npmjs.org/@tailwindcss%2foxide-darwin-x64 set size:undefined disposed:false
495 silly fetch manifest nanoid@^3.3.11
496 silly packumentCache full:https://registry.npmjs.org/nanoid cache-miss
497 http fetch GET 200 https://registry.npmjs.org/@tailwindcss%2foxide-darwin-arm64 480ms (cache miss)
498 silly packumentCache full:https://registry.npmjs.org/@tailwindcss%2foxide-darwin-arm64 set size:undefined disposed:false
499 silly fetch manifest picocolors@^1.1.1
500 silly packumentCache full:https://registry.npmjs.org/picocolors cache-miss
501 http fetch GET 200 https://registry.npmjs.org/@tailwindcss%2foxide-freebsd-x64 555ms (cache miss)
502 silly packumentCache full:https://registry.npmjs.org/@tailwindcss%2foxide-freebsd-x64 set size:undefined disposed:false
503 http fetch GET 200 https://registry.npmjs.org/@tailwindcss%2foxide-android-arm64 464ms (cache miss)
504 silly packumentCache full:https://registry.npmjs.org/@tailwindcss%2foxide-android-arm64 set size:undefined disposed:false
505 http fetch GET 200 https://registry.npmjs.org/@tailwindcss%2foxide-linux-x64-gnu 457ms (cache miss)
506 silly packumentCache full:https://registry.npmjs.org/@tailwindcss%2foxide-linux-x64-gnu set size:undefined disposed:false
507 http fetch GET 200 https://registry.npmjs.org/@tailwindcss%2foxide-win32-arm64-msvc 401ms (cache miss)
508 silly packumentCache full:https://registry.npmjs.org/@tailwindcss%2foxide-win32-arm64-msvc set size:undefined disposed:false
509 http fetch GET 200 https://registry.npmjs.org/picocolors 94ms (cache miss)
510 silly packumentCache full:https://registry.npmjs.org/picocolors set size:undefined disposed:false
511 http fetch GET 200 https://registry.npmjs.org/nanoid 149ms (cache miss)
512 silly packumentCache full:https://registry.npmjs.org/nanoid set size:undefined disposed:false
513 http fetch GET 200 https://registry.npmjs.org/@tailwindcss%2foxide-win32-x64-msvc 462ms (cache miss)
514 silly packumentCache full:https://registry.npmjs.org/@tailwindcss%2foxide-win32-x64-msvc set size:undefined disposed:false
515 http fetch GET 200 https://registry.npmjs.org/@tailwindcss%2foxide-linux-x64-musl 493ms (cache miss)
516 silly packumentCache full:https://registry.npmjs.org/@tailwindcss%2foxide-linux-x64-musl set size:undefined disposed:false
517 http fetch GET 200 https://registry.npmjs.org/@tailwindcss%2foxide-linux-arm64-gnu 471ms (cache miss)
518 silly packumentCache full:https://registry.npmjs.org/@tailwindcss%2foxide-linux-arm64-gnu set size:undefined disposed:false
519 http fetch GET 200 https://registry.npmjs.org/@tailwindcss%2foxide-linux-arm64-musl 473ms (cache miss)
520 silly packumentCache full:https://registry.npmjs.org/@tailwindcss%2foxide-linux-arm64-musl set size:undefined disposed:false
521 http fetch GET 200 https://registry.npmjs.org/@tailwindcss%2foxide-linux-arm-gnueabihf 410ms (cache miss)
522 silly packumentCache full:https://registry.npmjs.org/@tailwindcss%2foxide-linux-arm-gnueabihf set size:undefined disposed:false
523 silly placeDep ROOT @jridgewell/remapping@2.3.5 OK for: @tailwindcss/node@4.1.14 want: ^2.3.4
524 silly placeDep ROOT enhanced-resolve@5.18.3 OK for: @tailwindcss/node@4.1.14 want: ^5.18.3
525 silly placeDep ROOT jiti@2.6.1 OK for: @tailwindcss/node@4.1.14 want: ^2.6.0
526 silly placeDep ROOT lightningcss@1.30.1 OK for: @tailwindcss/node@4.1.14 want: 1.30.1
527 silly placeDep ROOT magic-string@0.30.19 OK for: @tailwindcss/node@4.1.14 want: ^0.30.19
528 silly placeDep ROOT source-map-js@1.2.1 OK for: @tailwindcss/node@4.1.14 want: ^1.2.1
529 silly fetch manifest @jridgewell/gen-mapping@^0.3.5
530 silly packumentCache full:https://registry.npmjs.org/@jridgewell%2fgen-mapping cache-miss
531 silly fetch manifest @jridgewell/trace-mapping@^0.3.24
532 silly packumentCache full:https://registry.npmjs.org/@jridgewell%2ftrace-mapping cache-miss
533 silly fetch manifest graceful-fs@^4.2.4
534 silly packumentCache full:https://registry.npmjs.org/graceful-fs cache-miss
535 silly fetch manifest tapable@^2.2.0
536 silly packumentCache full:https://registry.npmjs.org/tapable cache-miss
537 silly fetch manifest detect-libc@^2.0.3
538 silly packumentCache full:https://registry.npmjs.org/detect-libc cache-miss
539 silly fetch manifest lightningcss-darwin-x64@1.30.1
540 silly packumentCache full:https://registry.npmjs.org/lightningcss-darwin-x64 cache-miss
541 silly fetch manifest lightningcss-freebsd-x64@1.30.1
542 silly packumentCache full:https://registry.npmjs.org/lightningcss-freebsd-x64 cache-miss
543 silly fetch manifest lightningcss-darwin-arm64@1.30.1
544 silly packumentCache full:https://registry.npmjs.org/lightningcss-darwin-arm64 cache-miss
545 silly fetch manifest lightningcss-linux-x64-gnu@1.30.1
546 silly packumentCache full:https://registry.npmjs.org/lightningcss-linux-x64-gnu cache-miss
547 silly fetch manifest lightningcss-linux-x64-musl@1.30.1
548 silly packumentCache full:https://registry.npmjs.org/lightningcss-linux-x64-musl cache-miss
549 silly fetch manifest lightningcss-win32-x64-msvc@1.30.1
550 silly packumentCache full:https://registry.npmjs.org/lightningcss-win32-x64-msvc cache-miss
551 http fetch GET 200 https://registry.npmjs.org/detect-libc 13ms (cache hit)
552 silly packumentCache full:https://registry.npmjs.org/detect-libc set size:47861 disposed:false
553 silly fetch manifest lightningcss-linux-arm64-gnu@1.30.1
554 silly packumentCache full:https://registry.npmjs.org/lightningcss-linux-arm64-gnu cache-miss
555 http fetch GET 200 https://registry.npmjs.org/lightningcss-freebsd-x64 86ms (cache miss)
556 silly packumentCache full:https://registry.npmjs.org/lightningcss-freebsd-x64 set size:undefined disposed:false
557 silly fetch manifest lightningcss-linux-arm64-musl@1.30.1
558 silly packumentCache full:https://registry.npmjs.org/lightningcss-linux-arm64-musl cache-miss
559 http fetch GET 200 https://registry.npmjs.org/lightningcss-darwin-arm64 94ms (cache miss)
560 silly packumentCache full:https://registry.npmjs.org/lightningcss-darwin-arm64 set size:undefined disposed:false
561 silly fetch manifest lightningcss-win32-arm64-msvc@1.30.1
562 silly packumentCache full:https://registry.npmjs.org/lightningcss-win32-arm64-msvc cache-miss
563 http fetch GET 200 https://registry.npmjs.org/graceful-fs 116ms (cache miss)
564 silly packumentCache full:https://registry.npmjs.org/graceful-fs set size:undefined disposed:false
565 silly fetch manifest lightningcss-linux-arm-gnueabihf@1.30.1
566 silly packumentCache full:https://registry.npmjs.org/lightningcss-linux-arm-gnueabihf cache-miss
567 http fetch GET 200 https://registry.npmjs.org/tapable 125ms (cache miss)
568 silly packumentCache full:https://registry.npmjs.org/tapable set size:undefined disposed:false
569 silly fetch manifest @jridgewell/sourcemap-codec@^1.5.5
570 silly packumentCache full:https://registry.npmjs.org/@jridgewell%2fsourcemap-codec cache-miss
571 http fetch GET 200 https://registry.npmjs.org/lightningcss-linux-x64-musl 143ms (cache miss)
572 silly packumentCache full:https://registry.npmjs.org/lightningcss-linux-x64-musl set size:undefined disposed:false
573 http fetch GET 200 https://registry.npmjs.org/lightningcss-win32-x64-msvc 156ms (cache miss)
574 silly packumentCache full:https://registry.npmjs.org/lightningcss-win32-x64-msvc set size:undefined disposed:false
575 http fetch GET 200 https://registry.npmjs.org/lightningcss-darwin-x64 162ms (cache miss)
576 silly packumentCache full:https://registry.npmjs.org/lightningcss-darwin-x64 set size:undefined disposed:false
577 http fetch GET 200 https://registry.npmjs.org/lightningcss-linux-arm64-gnu 159ms (cache miss)
578 silly packumentCache full:https://registry.npmjs.org/lightningcss-linux-arm64-gnu set size:undefined disposed:false
579 http fetch GET 200 https://registry.npmjs.org/lightningcss-linux-x64-gnu 184ms (cache miss)
580 silly packumentCache full:https://registry.npmjs.org/lightningcss-linux-x64-gnu set size:undefined disposed:false
581 http fetch GET 200 https://registry.npmjs.org/lightningcss-win32-arm64-msvc 99ms (cache miss)
582 silly packumentCache full:https://registry.npmjs.org/lightningcss-win32-arm64-msvc set size:undefined disposed:false
583 http fetch GET 200 https://registry.npmjs.org/@jridgewell%2fgen-mapping 202ms (cache miss)
584 silly packumentCache full:https://registry.npmjs.org/@jridgewell%2fgen-mapping set size:undefined disposed:false
585 http fetch GET 200 https://registry.npmjs.org/lightningcss-linux-arm64-musl 115ms (cache miss)
586 silly packumentCache full:https://registry.npmjs.org/lightningcss-linux-arm64-musl set size:undefined disposed:false
587 http fetch GET 200 https://registry.npmjs.org/@jridgewell%2ftrace-mapping 210ms (cache miss)
588 silly packumentCache full:https://registry.npmjs.org/@jridgewell%2ftrace-mapping set size:undefined disposed:false
589 http fetch GET 200 https://registry.npmjs.org/lightningcss-linux-arm-gnueabihf 120ms (cache miss)
590 silly packumentCache full:https://registry.npmjs.org/lightningcss-linux-arm-gnueabihf set size:undefined disposed:false
591 http fetch GET 200 https://registry.npmjs.org/@jridgewell%2fsourcemap-codec 183ms (cache miss)
592 silly packumentCache full:https://registry.npmjs.org/@jridgewell%2fsourcemap-codec set size:undefined disposed:false
593 silly placeDep ROOT @jridgewell/gen-mapping@0.3.13 OK for: @jridgewell/remapping@2.3.5 want: ^0.3.5
594 silly placeDep ROOT @jridgewell/trace-mapping@0.3.31 OK for: @jridgewell/remapping@2.3.5 want: ^0.3.24
595 silly fetch manifest @jridgewell/sourcemap-codec@^1.5.0
596 silly packumentCache full:https://registry.npmjs.org/@jridgewell%2fsourcemap-codec cache-miss
597 silly fetch manifest @jridgewell/resolve-uri@^3.1.0
598 silly packumentCache full:https://registry.npmjs.org/@jridgewell%2fresolve-uri cache-miss
599 silly fetch manifest @jridgewell/sourcemap-codec@^1.4.14
600 silly packumentCache full:https://registry.npmjs.org/@jridgewell%2fsourcemap-codec cache-miss
601 http fetch GET 200 https://registry.npmjs.org/@jridgewell%2fsourcemap-codec 24ms (cache hit)
602 silly packumentCache full:https://registry.npmjs.org/@jridgewell%2fsourcemap-codec set size:59275 disposed:false
603 http fetch GET 200 https://registry.npmjs.org/@jridgewell%2fsourcemap-codec 22ms (cache hit)
604 silly packumentCache full:https://registry.npmjs.org/@jridgewell%2fsourcemap-codec set size:59275 disposed:false
605 silly packumentCache full:https://registry.npmjs.org/@jridgewell%2fsourcemap-codec dispose
606 http fetch GET 200 https://registry.npmjs.org/@jridgewell%2fresolve-uri 250ms (cache miss)
607 silly packumentCache full:https://registry.npmjs.org/@jridgewell%2fresolve-uri set size:undefined disposed:false
608 silly placeDep ROOT @jridgewell/sourcemap-codec@1.5.5 OK for: @jridgewell/gen-mapping@0.3.13 want: ^1.5.0
609 silly placeDep ROOT @jridgewell/resolve-uri@3.1.2 OK for: @jridgewell/trace-mapping@0.3.31 want: ^3.1.0
610 silly placeDep ROOT @tailwindcss/oxide-android-arm64@4.1.14 OK for: @tailwindcss/oxide@4.1.14 want: 4.1.14
611 silly placeDep ROOT @tailwindcss/oxide-darwin-arm64@4.1.14 OK for: @tailwindcss/oxide@4.1.14 want: 4.1.14
612 silly placeDep ROOT @tailwindcss/oxide-darwin-x64@4.1.14 OK for: @tailwindcss/oxide@4.1.14 want: 4.1.14
613 silly placeDep ROOT @tailwindcss/oxide-freebsd-x64@4.1.14 OK for: @tailwindcss/oxide@4.1.14 want: 4.1.14
614 silly placeDep ROOT @tailwindcss/oxide-linux-arm-gnueabihf@4.1.14 OK for: @tailwindcss/oxide@4.1.14 want: 4.1.14
615 silly placeDep ROOT @tailwindcss/oxide-linux-arm64-gnu@4.1.14 OK for: @tailwindcss/oxide@4.1.14 want: 4.1.14
616 silly placeDep ROOT @tailwindcss/oxide-linux-arm64-musl@4.1.14 OK for: @tailwindcss/oxide@4.1.14 want: 4.1.14
617 silly placeDep ROOT @tailwindcss/oxide-linux-x64-gnu@4.1.14 OK for: @tailwindcss/oxide@4.1.14 want: 4.1.14
618 silly placeDep ROOT @tailwindcss/oxide-linux-x64-musl@4.1.14 OK for: @tailwindcss/oxide@4.1.14 want: 4.1.14
619 silly placeDep ROOT @tailwindcss/oxide-wasm32-wasi@4.1.14 OK for: @tailwindcss/oxide@4.1.14 want: 4.1.14
620 silly placeDep ROOT @tailwindcss/oxide-win32-arm64-msvc@4.1.14 OK for: @tailwindcss/oxide@4.1.14 want: 4.1.14
621 silly placeDep ROOT @tailwindcss/oxide-win32-x64-msvc@4.1.14 OK for: @tailwindcss/oxide@4.1.14 want: 4.1.14
622 silly placeDep ROOT detect-libc@2.1.2 OK for: @tailwindcss/oxide@4.1.14 want: ^2.0.4
623 silly placeDep ROOT tar@7.5.1 OK for: @tailwindcss/oxide@4.1.14 want: ^7.5.1
624 silly fetch manifest @isaacs/fs-minipass@^4.0.0
625 silly packumentCache full:https://registry.npmjs.org/@isaacs%2ffs-minipass cache-miss
626 silly fetch manifest chownr@^3.0.0
627 silly packumentCache full:https://registry.npmjs.org/chownr cache-miss
628 silly fetch manifest minipass@^7.1.2
629 silly packumentCache full:https://registry.npmjs.org/minipass cache-miss
630 silly fetch manifest minizlib@^3.1.0
631 silly packumentCache full:https://registry.npmjs.org/minizlib cache-miss
632 silly fetch manifest yallist@^5.0.0
633 silly packumentCache full:https://registry.npmjs.org/yallist cache-miss
634 http fetch GET 200 https://registry.npmjs.org/yallist 87ms (cache miss)
635 silly packumentCache full:https://registry.npmjs.org/yallist set size:undefined disposed:false
636 http fetch GET 200 https://registry.npmjs.org/minipass 146ms (cache miss)
637 silly packumentCache full:https://registry.npmjs.org/minipass set size:undefined disposed:false
638 http fetch GET 200 https://registry.npmjs.org/chownr 162ms (cache miss)
639 silly packumentCache full:https://registry.npmjs.org/chownr set size:undefined disposed:false
640 http fetch GET 200 https://registry.npmjs.org/minizlib 157ms (cache miss)
641 silly packumentCache full:https://registry.npmjs.org/minizlib set size:undefined disposed:false
642 http fetch GET 200 https://registry.npmjs.org/@isaacs%2ffs-minipass 187ms (cache miss)
643 silly packumentCache full:https://registry.npmjs.org/@isaacs%2ffs-minipass set size:undefined disposed:false
644 silly placeDep ROOT undici-types@6.21.0 OK for: @types/node@20.19.21 want: ~6.21.0
645 silly placeDep ROOT csstype@3.1.3 OK for: @types/react@19.2.2 want: ^3.0.2
646 silly placeDep ROOT fast-deep-equal@3.1.3 OK for: ajv@6.12.6 want: ^3.1.1
647 silly placeDep ROOT fast-json-stable-stringify@2.1.0 OK for: ajv@6.12.6 want: ^2.0.0
648 silly placeDep ROOT json-schema-traverse@0.4.1 OK for: ajv@6.12.6 want: ^0.4.1
649 silly placeDep ROOT uri-js@4.4.1 OK for: ajv@6.12.6 want: ^4.2.2
650 silly fetch manifest punycode@^2.1.0
651 silly packumentCache full:https://registry.npmjs.org/punycode cache-miss
652 http fetch GET 200 https://registry.npmjs.org/punycode 84ms (cache miss)
653 silly packumentCache full:https://registry.npmjs.org/punycode set size:undefined disposed:false
654 silly placeDep ROOT ms@2.1.3 OK for: debug@4.4.3 want: ^2.1.3
655 silly placeDep ROOT graceful-fs@4.2.11 OK for: enhanced-resolve@5.18.3 want: ^4.2.4
656 silly placeDep ROOT tapable@2.3.0 OK for: enhanced-resolve@5.18.3 want: ^2.2.0
657 silly fetch manifest eslint@^6.0.0 || ^7.0.0 || >=8.0.0
658 silly packumentCache full:https://registry.npmjs.org/eslint cache-miss
659 http fetch GET 200 https://registry.npmjs.org/eslint 26ms (cache hit)
660 silly packumentCache full:https://registry.npmjs.org/eslint set size:1851935 disposed:false
661 silly placeDep ROOT @eslint-community/eslint-utils@4.9.0 OK for: eslint@9.37.0 want: ^4.8.0
662 silly placeDep ROOT @eslint-community/regexpp@4.12.1 OK for: eslint@9.37.0 want: ^4.12.1
663 silly placeDep ROOT @eslint/config-array@0.21.0 OK for: eslint@9.37.0 want: ^0.21.0
664 silly placeDep ROOT @eslint/config-helpers@0.4.0 OK for: eslint@9.37.0 want: ^0.4.0
665 silly placeDep ROOT @eslint/core@0.16.0 OK for: eslint@9.37.0 want: ^0.16.0
666 silly placeDep ROOT @eslint/js@9.37.0 OK for: eslint@9.37.0 want: 9.37.0
667 silly placeDep ROOT @eslint/plugin-kit@0.4.0 OK for: eslint@9.37.0 want: ^0.4.0
668 silly placeDep ROOT @humanfs/node@0.16.7 OK for: eslint@9.37.0 want: ^0.16.6
669 silly placeDep ROOT @humanwhocodes/module-importer@1.0.1 OK for: eslint@9.37.0 want: ^1.0.1
670 silly placeDep ROOT @humanwhocodes/retry@0.4.3 OK for: eslint@9.37.0 want: ^0.4.2
671 silly placeDep ROOT @types/estree@1.0.8 OK for: eslint@9.37.0 want: ^1.0.6
672 silly placeDep ROOT @types/json-schema@7.0.15 OK for: eslint@9.37.0 want: ^7.0.15
673 silly placeDep ROOT chalk@4.1.2 OK for: eslint@9.37.0 want: ^4.0.0
674 silly placeDep ROOT cross-spawn@7.0.6 OK for: eslint@9.37.0 want: ^7.0.6
675 silly placeDep ROOT escape-string-regexp@4.0.0 OK for: eslint@9.37.0 want: ^4.0.0
676 silly placeDep ROOT eslint-scope@8.4.0 OK for: eslint@9.37.0 want: ^8.4.0
677 silly placeDep ROOT eslint-visitor-keys@4.2.1 OK for: eslint@9.37.0 want: ^4.2.1
678 silly placeDep ROOT esquery@1.6.0 OK for: eslint@9.37.0 want: ^1.5.0
679 silly placeDep ROOT esutils@2.0.3 OK for: eslint@9.37.0 want: ^2.0.2
680 silly placeDep ROOT file-entry-cache@8.0.0 OK for: eslint@9.37.0 want: ^8.0.0
681 silly placeDep ROOT find-up@5.0.0 OK for: eslint@9.37.0 want: ^5.0.0
682 silly placeDep ROOT glob-parent@6.0.2 OK for: eslint@9.37.0 want: ^6.0.2
683 silly placeDep ROOT imurmurhash@0.1.4 OK for: eslint@9.37.0 want: ^0.1.4
684 silly placeDep ROOT is-glob@4.0.3 OK for: eslint@9.37.0 want: ^4.0.0
685 silly placeDep ROOT json-stable-stringify-without-jsonify@1.0.1 OK for: eslint@9.37.0 want: ^1.0.1
686 silly placeDep ROOT lodash.merge@4.6.2 OK for: eslint@9.37.0 want: ^4.6.2
687 silly placeDep ROOT natural-compare@1.4.0 OK for: eslint@9.37.0 want: ^1.4.0
688 silly placeDep ROOT optionator@0.9.4 OK for: eslint@9.37.0 want: ^0.9.3
689 silly fetch manifest eslint-visitor-keys@^3.4.3
690 silly packumentCache full:https://registry.npmjs.org/eslint-visitor-keys cache-miss
691 silly fetch manifest @eslint/object-schema@^2.1.6
692 silly packumentCache full:https://registry.npmjs.org/@eslint%2fobject-schema cache-miss
693 silly fetch manifest levn@^0.4.1
694 silly packumentCache full:https://registry.npmjs.org/levn cache-miss
695 silly fetch manifest @humanwhocodes/retry@^0.4.0
696 silly packumentCache full:https://registry.npmjs.org/@humanwhocodes%2fretry cache-miss
697 silly fetch manifest @humanfs/core@^0.19.1
698 silly packumentCache full:https://registry.npmjs.org/@humanfs%2fcore cache-miss
699 silly fetch manifest ansi-styles@^4.1.0
700 silly packumentCache full:https://registry.npmjs.org/ansi-styles cache-miss
701 silly fetch manifest supports-color@^7.1.0
702 silly packumentCache full:https://registry.npmjs.org/supports-color cache-miss
703 silly fetch manifest which@^2.0.1
704 silly packumentCache full:https://registry.npmjs.org/which cache-miss
705 silly fetch manifest path-key@^3.1.0
706 silly packumentCache full:https://registry.npmjs.org/path-key cache-miss
707 silly fetch manifest shebang-command@^2.0.0
708 silly packumentCache full:https://registry.npmjs.org/shebang-command cache-miss
709 silly fetch manifest esrecurse@^4.3.0
710 silly packumentCache full:https://registry.npmjs.org/esrecurse cache-miss
711 http fetch GET 200 https://registry.npmjs.org/eslint-visitor-keys 51ms (cache hit)
712 silly packumentCache full:https://registry.npmjs.org/eslint-visitor-keys set size:65553 disposed:false
713 silly fetch manifest estraverse@^5.2.0
714 silly packumentCache full:https://registry.npmjs.org/estraverse cache-miss
715 http fetch GET 200 https://registry.npmjs.org/@humanwhocodes%2fretry 53ms (cache hit)
716 silly packumentCache full:https://registry.npmjs.org/@humanwhocodes%2fretry set size:42348 disposed:false
717 silly fetch manifest estraverse@^5.1.0
718 silly packumentCache full:https://registry.npmjs.org/estraverse cache-miss
719 http fetch GET 200 https://registry.npmjs.org/levn 118ms (cache miss)
720 silly packumentCache full:https://registry.npmjs.org/levn set size:undefined disposed:false
721 silly fetch manifest flat-cache@^4.0.0
722 silly packumentCache full:https://registry.npmjs.org/flat-cache cache-miss
723 http fetch GET 200 https://registry.npmjs.org/ansi-styles 159ms (cache miss)
724 silly packumentCache full:https://registry.npmjs.org/ansi-styles set size:undefined disposed:false
725 silly fetch manifest locate-path@^6.0.0
726 silly packumentCache full:https://registry.npmjs.org/locate-path cache-miss
727 http fetch GET 200 https://registry.npmjs.org/esrecurse 161ms (cache miss)
728 silly packumentCache full:https://registry.npmjs.org/esrecurse set size:undefined disposed:false
729 silly fetch manifest path-exists@^4.0.0
730 silly packumentCache full:https://registry.npmjs.org/path-exists cache-miss
731 http fetch GET 200 https://registry.npmjs.org/which 181ms (cache miss)
732 silly packumentCache full:https://registry.npmjs.org/which set size:undefined disposed:false
733 silly fetch manifest is-glob@^4.0.3
734 silly packumentCache full:https://registry.npmjs.org/is-glob cache-miss
735 http fetch GET 200 https://registry.npmjs.org/path-key 186ms (cache miss)
736 silly packumentCache full:https://registry.npmjs.org/path-key set size:undefined disposed:false
737 silly fetch manifest is-extglob@^2.1.1
738 silly packumentCache full:https://registry.npmjs.org/is-extglob cache-miss
739 http fetch GET 200 https://registry.npmjs.org/shebang-command 199ms (cache miss)
740 silly packumentCache full:https://registry.npmjs.org/shebang-command set size:undefined disposed:false
741 silly fetch manifest prelude-ls@^1.2.1
742 silly packumentCache full:https://registry.npmjs.org/prelude-ls cache-miss
743 http fetch GET 200 https://registry.npmjs.org/estraverse 172ms (cache miss)
744 silly packumentCache full:https://registry.npmjs.org/estraverse set size:undefined disposed:false
745 silly fetch manifest deep-is@^0.1.3
746 silly packumentCache full:https://registry.npmjs.org/deep-is cache-miss
747 http fetch GET 200 https://registry.npmjs.org/supports-color 227ms (cache miss)
748 silly packumentCache full:https://registry.npmjs.org/supports-color set size:undefined disposed:false
749 silly fetch manifest word-wrap@^1.2.5
750 silly packumentCache full:https://registry.npmjs.org/word-wrap cache-miss
751 http fetch GET 200 https://registry.npmjs.org/estraverse 200ms (cache miss)
752 silly packumentCache full:https://registry.npmjs.org/estraverse set size:undefined disposed:false
753 silly fetch manifest type-check@^0.4.0
754 silly packumentCache full:https://registry.npmjs.org/type-check cache-miss
755 http fetch GET 200 https://registry.npmjs.org/is-glob 99ms (cache hit)
756 silly packumentCache full:https://registry.npmjs.org/is-glob set size:40530 disposed:false
757 silly fetch manifest fast-levenshtein@^2.0.6
758 silly packumentCache full:https://registry.npmjs.org/fast-levenshtein cache-miss
759 http fetch GET 200 https://registry.npmjs.org/locate-path 139ms (cache miss)
760 silly packumentCache full:https://registry.npmjs.org/locate-path set size:undefined disposed:false
761 http fetch GET 200 https://registry.npmjs.org/@eslint%2fobject-schema 314ms (cache miss)
762 silly packumentCache full:https://registry.npmjs.org/@eslint%2fobject-schema set size:undefined disposed:false
763 http fetch GET 200 https://registry.npmjs.org/flat-cache 190ms (cache miss)
764 silly packumentCache full:https://registry.npmjs.org/flat-cache set size:undefined disposed:false
765 http fetch GET 200 https://registry.npmjs.org/is-extglob 123ms (cache miss)
766 silly packumentCache full:https://registry.npmjs.org/is-extglob set size:undefined disposed:false
767 http fetch GET 200 https://registry.npmjs.org/path-exists 148ms (cache miss)
768 silly packumentCache full:https://registry.npmjs.org/path-exists set size:undefined disposed:false
769 http fetch GET 200 https://registry.npmjs.org/word-wrap 93ms (cache miss)
770 silly packumentCache full:https://registry.npmjs.org/word-wrap set size:undefined disposed:false
771 http fetch GET 200 https://registry.npmjs.org/prelude-ls 122ms (cache miss)
772 silly packumentCache full:https://registry.npmjs.org/prelude-ls set size:undefined disposed:false
773 http fetch GET 200 https://registry.npmjs.org/deep-is 151ms (cache miss)
774 silly packumentCache full:https://registry.npmjs.org/deep-is set size:undefined disposed:false
775 http fetch GET 200 https://registry.npmjs.org/type-check 129ms (cache miss)
776 silly packumentCache full:https://registry.npmjs.org/type-check set size:undefined disposed:false
777 http fetch GET 200 https://registry.npmjs.org/@humanfs%2fcore 398ms (cache miss)
778 silly packumentCache full:https://registry.npmjs.org/@humanfs%2fcore set size:undefined disposed:false
779 http fetch GET 200 https://registry.npmjs.org/fast-levenshtein 129ms (cache miss)
780 silly packumentCache full:https://registry.npmjs.org/fast-levenshtein set size:undefined disposed:false
781 silly placeDep node_modules/@eslint-community/eslint-utils eslint-visitor-keys@3.4.3 OK for: @eslint-community/eslint-utils@4.9.0 want: ^3.4.3
782 silly placeDep ROOT @eslint/object-schema@2.1.6 OK for: @eslint/config-array@0.21.0 want: ^2.1.6
783 silly placeDep ROOT levn@0.4.1 OK for: @eslint/plugin-kit@0.4.0 want: ^0.4.1
784 silly fetch manifest type-check@~0.4.0
785 silly packumentCache full:https://registry.npmjs.org/type-check cache-miss
786 http fetch GET 200 https://registry.npmjs.org/type-check 7ms (cache hit)
787 silly packumentCache full:https://registry.npmjs.org/type-check set size:21221 disposed:false
788 silly placeDep ROOT @humanfs/core@0.19.1 OK for: @humanfs/node@0.16.7 want: ^0.19.1
789 silly placeDep ROOT ansi-styles@4.3.0 OK for: chalk@4.1.2 want: ^4.1.0
790 silly placeDep ROOT supports-color@7.2.0 OK for: chalk@4.1.2 want: ^7.1.0
791 silly fetch manifest color-convert@^2.0.1
792 silly packumentCache full:https://registry.npmjs.org/color-convert cache-miss
793 silly fetch manifest has-flag@^4.0.0
794 silly packumentCache full:https://registry.npmjs.org/has-flag cache-miss
795 http fetch GET 200 https://registry.npmjs.org/has-flag 82ms (cache miss)
796 silly packumentCache full:https://registry.npmjs.org/has-flag set size:undefined disposed:false
797 http fetch GET 200 https://registry.npmjs.org/color-convert 131ms (cache miss)
798 silly packumentCache full:https://registry.npmjs.org/color-convert set size:undefined disposed:false
799 silly placeDep ROOT color-convert@2.0.1 OK for: ansi-styles@4.3.0 want: ^2.0.1
800 silly fetch manifest color-name@~1.1.4
801 silly packumentCache full:https://registry.npmjs.org/color-name cache-miss
802 http fetch GET 200 https://registry.npmjs.org/color-name 88ms (cache miss)
803 silly packumentCache full:https://registry.npmjs.org/color-name set size:undefined disposed:false
804 silly placeDep ROOT color-name@1.1.4 OK for: color-convert@2.0.1 want: ~1.1.4
805 silly placeDep ROOT path-key@3.1.1 OK for: cross-spawn@7.0.6 want: ^3.1.0
806 silly placeDep ROOT shebang-command@2.0.0 OK for: cross-spawn@7.0.6 want: ^2.0.0
807 silly placeDep ROOT which@2.0.2 OK for: cross-spawn@7.0.6 want: ^2.0.1
808 silly fetch manifest shebang-regex@^3.0.0
809 silly packumentCache full:https://registry.npmjs.org/shebang-regex cache-miss
810 silly fetch manifest isexe@^2.0.0
811 silly packumentCache full:https://registry.npmjs.org/isexe cache-miss
812 http fetch GET 200 https://registry.npmjs.org/shebang-regex 87ms (cache miss)
813 silly packumentCache full:https://registry.npmjs.org/shebang-regex set size:undefined disposed:false
814 http fetch GET 200 https://registry.npmjs.org/isexe 120ms (cache miss)
815 silly packumentCache full:https://registry.npmjs.org/isexe set size:undefined disposed:false
816 silly fetch manifest eslint@^7.23.0 || ^8.0.0 || ^9.0.0
817 silly packumentCache full:https://registry.npmjs.org/eslint cache-miss
818 http fetch GET 200 https://registry.npmjs.org/eslint 19ms (cache hit)
819 silly packumentCache full:https://registry.npmjs.org/eslint set size:1851935 disposed:false
820 silly fetch manifest typescript@>=3.3.1
821 silly packumentCache full:https://registry.npmjs.org/typescript cache-miss
822 http fetch GET 200 https://registry.npmjs.org/typescript 92ms (cache hit)
823 silly packumentCache full:https://registry.npmjs.org/typescript set size:14773250 disposed:false
824 silly fetch manifest eslint-plugin-import-x@*
825 silly packumentCache full:https://registry.npmjs.org/eslint-plugin-import-x cache-miss
826 http fetch GET 200 https://registry.npmjs.org/eslint-plugin-import-x 140ms (cache miss)
827 silly packumentCache full:https://registry.npmjs.org/eslint-plugin-import-x set size:undefined disposed:false
828 silly fetch manifest @typescript-eslint/utils@^8.0.0
829 silly packumentCache full:https://registry.npmjs.org/@typescript-eslint%2futils cache-miss
830 http fetch GET 200 https://registry.npmjs.org/@typescript-eslint%2futils 540ms (cache miss)
831 silly packumentCache full:https://registry.npmjs.org/@typescript-eslint%2futils set size:undefined disposed:false
832 silly placeDep ROOT @next/eslint-plugin-next@15.5.4 OK for: eslint-config-next@15.5.4 want: 15.5.4
833 silly placeDep ROOT @rushstack/eslint-patch@1.13.0 OK for: eslint-config-next@15.5.4 want: ^1.10.3
834 silly placeDep ROOT @typescript-eslint/eslint-plugin@8.46.0 OK for: eslint-config-next@15.5.4 want: ^5.4.2 || ^6.0.0 || ^7.0.0 || ^8.0.0
835 silly placeDep ROOT @typescript-eslint/parser@8.46.0 OK for: @typescript-eslint/eslint-plugin@8.46.0 want: ^8.46.0
836 silly placeDep ROOT eslint-import-resolver-node@0.3.9 OK for: eslint-config-next@15.5.4 want: ^0.3.6
837 silly placeDep ROOT eslint-import-resolver-typescript@3.10.1 OK for: eslint-config-next@15.5.4 want: ^3.5.2
838 silly placeDep ROOT eslint-plugin-import@2.32.0 OK for: eslint-config-next@15.5.4 want: ^2.31.0
839 silly placeDep ROOT eslint-plugin-jsx-a11y@6.10.2 OK for: eslint-config-next@15.5.4 want: ^6.10.0
840 silly placeDep ROOT eslint-plugin-react@7.37.5 OK for: eslint-config-next@15.5.4 want: ^7.37.0
841 silly placeDep ROOT eslint-plugin-react-hooks@5.2.0 OK for: eslint-config-next@15.5.4 want: ^5.0.0
842 silly fetch manifest fast-glob@3.3.1
843 silly packumentCache full:https://registry.npmjs.org/fast-glob cache-miss
844 silly fetch manifest ignore@^7.0.0
845 silly packumentCache full:https://registry.npmjs.org/ignore cache-miss
846 silly fetch manifest graphemer@^1.4.0
847 silly packumentCache full:https://registry.npmjs.org/graphemer cache-miss
848 silly fetch manifest ts-api-utils@^2.1.0
849 silly packumentCache full:https://registry.npmjs.org/ts-api-utils cache-miss
850 silly fetch manifest @typescript-eslint/utils@8.46.0
851 silly packumentCache full:https://registry.npmjs.org/@typescript-eslint%2futils cache-miss
852 silly fetch manifest @typescript-eslint/type-utils@8.46.0
853 silly packumentCache full:https://registry.npmjs.org/@typescript-eslint%2ftype-utils cache-miss
854 silly fetch manifest @typescript-eslint/visitor-keys@8.46.0
855 silly packumentCache full:https://registry.npmjs.org/@typescript-eslint%2fvisitor-keys cache-miss
856 silly fetch manifest @typescript-eslint/scope-manager@8.46.0
857 silly packumentCache full:https://registry.npmjs.org/@typescript-eslint%2fscope-manager cache-miss
858 silly fetch manifest @typescript-eslint/types@8.46.0
859 silly packumentCache full:https://registry.npmjs.org/@typescript-eslint%2ftypes cache-miss
860 silly fetch manifest @typescript-eslint/visitor-keys@8.46.0
861 silly packumentCache full:https://registry.npmjs.org/@typescript-eslint%2fvisitor-keys cache-miss
862 silly fetch manifest @typescript-eslint/scope-manager@8.46.0
863 silly packumentCache full:https://registry.npmjs.org/@typescript-eslint%2fscope-manager cache-miss
864 http fetch GET 200 https://registry.npmjs.org/ignore 41ms (cache hit)
865 silly packumentCache full:https://registry.npmjs.org/ignore set size:237380 disposed:false
866 silly fetch manifest @typescript-eslint/typescript-estree@8.46.0
867 silly packumentCache full:https://registry.npmjs.org/@typescript-eslint%2ftypescript-estree cache-miss
868 http fetch GET 200 https://registry.npmjs.org/@typescript-eslint%2futils 86ms (cache hit)
869 silly packumentCache full:https://registry.npmjs.org/@typescript-eslint%2futils set size:9228167 disposed:false
870 silly fetch manifest debug@^3.2.7
871 silly packumentCache full:https://registry.npmjs.org/debug cache-miss
872 http fetch GET 200 https://registry.npmjs.org/debug 8ms (cache hit)
873 silly packumentCache full:https://registry.npmjs.org/debug set size:195840 disposed:false
874 silly fetch manifest is-core-module@^2.13.0
875 silly packumentCache full:https://registry.npmjs.org/is-core-module cache-miss
876 http fetch GET 200 https://registry.npmjs.org/graphemer 175ms (cache miss)
877 silly packumentCache full:https://registry.npmjs.org/graphemer set size:undefined disposed:false
878 silly fetch manifest resolve@^1.22.4
879 silly packumentCache full:https://registry.npmjs.org/resolve cache-miss
880 http fetch GET 200 https://registry.npmjs.org/ts-api-utils 175ms (cache miss)
881 silly packumentCache full:https://registry.npmjs.org/ts-api-utils set size:undefined disposed:false
882 silly fetch manifest tinyglobby@^0.2.13
883 silly packumentCache full:https://registry.npmjs.org/tinyglobby cache-miss
884 http fetch GET 200 https://registry.npmjs.org/fast-glob 184ms (cache miss)
885 silly packumentCache full:https://registry.npmjs.org/fast-glob set size:undefined disposed:false
886 silly fetch manifest stable-hash@^0.0.5
887 silly packumentCache full:https://registry.npmjs.org/stable-hash cache-miss
888 http fetch GET 200 https://registry.npmjs.org/resolve 185ms (cache miss)
889 silly packumentCache full:https://registry.npmjs.org/resolve set size:undefined disposed:false
890 silly fetch manifest get-tsconfig@^4.10.0
891 silly packumentCache full:https://registry.npmjs.org/get-tsconfig cache-miss
892 http fetch GET 200 https://registry.npmjs.org/stable-hash 236ms (cache miss)
893 silly packumentCache full:https://registry.npmjs.org/stable-hash set size:undefined disposed:false
894 silly fetch manifest is-bun-module@^2.0.0
895 silly packumentCache full:https://registry.npmjs.org/is-bun-module cache-miss
896 http fetch GET 200 https://registry.npmjs.org/tinyglobby 375ms (cache miss)
897 silly packumentCache full:https://registry.npmjs.org/tinyglobby set size:undefined disposed:false
898 silly fetch manifest unrs-resolver@^1.6.2
899 silly packumentCache full:https://registry.npmjs.org/unrs-resolver cache-miss
900 http fetch GET 200 https://registry.npmjs.org/get-tsconfig 202ms (cache miss)
901 silly packumentCache full:https://registry.npmjs.org/get-tsconfig set size:undefined disposed:false
902 silly fetch manifest @nolyfill/is-core-module@1.0.39
903 silly packumentCache full:https://registry.npmjs.org/@nolyfill%2fis-core-module cache-miss
904 http fetch GET 200 https://registry.npmjs.org/is-bun-module 192ms (cache miss)
905 silly packumentCache full:https://registry.npmjs.org/is-bun-module set size:undefined disposed:false
906 silly fetch manifest @rtsao/scc@^1.1.0
907 silly packumentCache full:https://registry.npmjs.org/@rtsao%2fscc cache-miss
908 http fetch GET 200 https://registry.npmjs.org/unrs-resolver 171ms (cache miss)
909 silly packumentCache full:https://registry.npmjs.org/unrs-resolver set size:undefined disposed:false
910 silly fetch manifest array-includes@^3.1.9
911 silly packumentCache full:https://registry.npmjs.org/array-includes cache-miss
912 http fetch GET 200 https://registry.npmjs.org/@rtsao%2fscc 288ms (cache miss)
913 silly packumentCache full:https://registry.npmjs.org/@rtsao%2fscc set size:undefined disposed:false
914 silly fetch manifest array.prototype.findlastindex@^1.2.6
915 silly packumentCache full:https://registry.npmjs.org/array.prototype.findlastindex cache-miss
916 http fetch GET 200 https://registry.npmjs.org/@nolyfill%2fis-core-module 357ms (cache miss)
917 silly packumentCache full:https://registry.npmjs.org/@nolyfill%2fis-core-module set size:undefined disposed:false
918 silly fetch manifest array.prototype.flat@^1.3.3
919 silly packumentCache full:https://registry.npmjs.org/array.prototype.flat cache-miss
920 http fetch GET 200 https://registry.npmjs.org/array-includes 223ms (cache miss)
921 silly packumentCache full:https://registry.npmjs.org/array-includes set size:undefined disposed:false
922 silly fetch manifest array.prototype.flatmap@^1.3.3
923 silly packumentCache full:https://registry.npmjs.org/array.prototype.flatmap cache-miss
924 http fetch GET 200 https://registry.npmjs.org/@typescript-eslint%2ftype-utils 1023ms (cache miss)
925 silly packumentCache full:https://registry.npmjs.org/@typescript-eslint%2ftype-utils set size:undefined disposed:false
926 silly fetch manifest doctrine@^2.1.0
927 silly packumentCache full:https://registry.npmjs.org/doctrine cache-miss
928 http fetch GET 200 https://registry.npmjs.org/array.prototype.findlastindex 321ms (cache miss)
929 silly packumentCache full:https://registry.npmjs.org/array.prototype.findlastindex set size:undefined disposed:false
930 silly fetch manifest eslint-module-utils@^2.12.1
931 silly packumentCache full:https://registry.npmjs.org/eslint-module-utils cache-miss
932 http fetch GET 200 https://registry.npmjs.org/is-core-module 1065ms (cache miss)
933 silly packumentCache full:https://registry.npmjs.org/is-core-module set size:undefined disposed:false
934 silly fetch manifest hasown@^2.0.2
935 silly packumentCache full:https://registry.npmjs.org/hasown cache-miss
936 http fetch GET 200 https://registry.npmjs.org/array.prototype.flat 310ms (cache miss)
937 silly packumentCache full:https://registry.npmjs.org/array.prototype.flat set size:undefined disposed:false
938 silly fetch manifest is-core-module@^2.16.1
939 silly packumentCache full:https://registry.npmjs.org/is-core-module cache-miss
940 http fetch GET 200 https://registry.npmjs.org/array.prototype.flatmap 286ms (cache miss)
941 silly packumentCache full:https://registry.npmjs.org/array.prototype.flatmap set size:undefined disposed:false
942 silly fetch manifest object.fromentries@^2.0.8
943 silly packumentCache full:https://registry.npmjs.org/object.fromentries cache-miss
944 http fetch GET 200 https://registry.npmjs.org/is-core-module 29ms (cache hit)
945 silly packumentCache full:https://registry.npmjs.org/is-core-module set size:71788 disposed:false
946 silly fetch manifest object.groupby@^1.0.3
947 silly packumentCache full:https://registry.npmjs.org/object.groupby cache-miss
948 http fetch GET 200 https://registry.npmjs.org/doctrine 116ms (cache miss)
949 silly packumentCache full:https://registry.npmjs.org/doctrine set size:undefined disposed:false
950 silly fetch manifest object.values@^1.2.1
951 silly packumentCache full:https://registry.npmjs.org/object.values cache-miss
952 http fetch GET 200 https://registry.npmjs.org/hasown 88ms (cache miss)
953 silly packumentCache full:https://registry.npmjs.org/hasown set size:undefined disposed:false
954 silly fetch manifest semver@^6.3.1
955 silly packumentCache full:https://registry.npmjs.org/semver cache-miss
956 http fetch GET 200 https://registry.npmjs.org/object.fromentries 101ms (cache miss)
957 silly packumentCache full:https://registry.npmjs.org/object.fromentries set size:undefined disposed:false
958 silly fetch manifest string.prototype.trimend@^1.0.9
959 silly packumentCache full:https://registry.npmjs.org/string.prototype.trimend cache-miss
960 http fetch GET 200 https://registry.npmjs.org/object.groupby 98ms (cache miss)
961 silly packumentCache full:https://registry.npmjs.org/object.groupby set size:undefined disposed:false
962 silly fetch manifest tsconfig-paths@^3.15.0
963 silly packumentCache full:https://registry.npmjs.org/tsconfig-paths cache-miss
964 http fetch GET 200 https://registry.npmjs.org/eslint-module-utils 152ms (cache miss)
965 silly packumentCache full:https://registry.npmjs.org/eslint-module-utils set size:undefined disposed:false
966 silly fetch manifest aria-query@^5.3.2
967 silly packumentCache full:https://registry.npmjs.org/aria-query cache-miss
968 http fetch GET 200 https://registry.npmjs.org/object.values 121ms (cache miss)
969 silly packumentCache full:https://registry.npmjs.org/object.values set size:undefined disposed:false
970 silly fetch manifest array-includes@^3.1.8
971 silly packumentCache full:https://registry.npmjs.org/array-includes cache-miss
972 http fetch GET 200 https://registry.npmjs.org/array-includes 9ms (cache hit)
973 silly packumentCache full:https://registry.npmjs.org/array-includes set size:77143 disposed:false
974 silly fetch manifest array.prototype.flatmap@^1.3.2
975 silly packumentCache full:https://registry.npmjs.org/array.prototype.flatmap cache-miss
976 http fetch GET 200 https://registry.npmjs.org/array.prototype.flatmap 6ms (cache hit)
977 silly packumentCache full:https://registry.npmjs.org/array.prototype.flatmap set size:51458 disposed:false
978 silly fetch manifest ast-types-flow@^0.0.8
979 silly packumentCache full:https://registry.npmjs.org/ast-types-flow cache-miss
980 http fetch GET 200 https://registry.npmjs.org/semver 126ms (cache miss)
981 silly packumentCache full:https://registry.npmjs.org/semver set size:undefined disposed:false
982 silly fetch manifest axe-core@^4.10.0
983 silly packumentCache full:https://registry.npmjs.org/axe-core cache-miss
984 http fetch GET 200 https://registry.npmjs.org/string.prototype.trimend 115ms (cache miss)
985 silly packumentCache full:https://registry.npmjs.org/string.prototype.trimend set size:undefined disposed:false
986 silly fetch manifest axobject-query@^4.1.0
987 silly packumentCache full:https://registry.npmjs.org/axobject-query cache-miss
988 http fetch GET 200 https://registry.npmjs.org/@typescript-eslint%2fvisitor-keys 1479ms (cache miss)
989 silly packumentCache full:https://registry.npmjs.org/@typescript-eslint%2fvisitor-keys set size:undefined disposed:false
990 silly fetch manifest damerau-levenshtein@^1.0.8
991 silly packumentCache full:https://registry.npmjs.org/damerau-levenshtein cache-miss
992 http fetch GET 200 https://registry.npmjs.org/ast-types-flow 132ms (cache miss)
993 silly packumentCache full:https://registry.npmjs.org/ast-types-flow set size:undefined disposed:false
994 silly fetch manifest emoji-regex@^9.2.2
995 silly packumentCache full:https://registry.npmjs.org/emoji-regex cache-miss
996 http fetch GET 200 https://registry.npmjs.org/aria-query 183ms (cache miss)
997 silly packumentCache full:https://registry.npmjs.org/aria-query set size:undefined disposed:false
998 silly fetch manifest jsx-ast-utils@^3.3.5
999 silly packumentCache full:https://registry.npmjs.org/jsx-ast-utils cache-miss
1000 http fetch GET 200 https://registry.npmjs.org/tsconfig-paths 198ms (cache miss)
1001 silly packumentCache full:https://registry.npmjs.org/tsconfig-paths set size:undefined disposed:false
1002 silly fetch manifest language-tags@^1.0.9
1003 silly packumentCache full:https://registry.npmjs.org/language-tags cache-miss
1004 http fetch GET 200 https://registry.npmjs.org/axobject-query 123ms (cache miss)
1005 silly packumentCache full:https://registry.npmjs.org/axobject-query set size:undefined disposed:false
1006 silly fetch manifest safe-regex-test@^1.0.3
1007 silly packumentCache full:https://registry.npmjs.org/safe-regex-test cache-miss
1008 http fetch GET 200 https://registry.npmjs.org/@typescript-eslint%2fscope-manager 1625ms (cache miss)
1009 silly packumentCache full:https://registry.npmjs.org/@typescript-eslint%2fscope-manager set size:undefined disposed:false
1010 silly fetch manifest string.prototype.includes@^2.0.1
1011 silly packumentCache full:https://registry.npmjs.org/string.prototype.includes cache-miss
1012 http fetch GET 200 https://registry.npmjs.org/language-tags 151ms (cache miss)
1013 silly packumentCache full:https://registry.npmjs.org/language-tags set size:undefined disposed:false
1014 silly fetch manifest array.prototype.findlast@^1.2.5
1015 silly packumentCache full:https://registry.npmjs.org/array.prototype.findlast cache-miss
1016 http fetch GET 200 https://registry.npmjs.org/damerau-levenshtein 198ms (cache miss)
1017 silly packumentCache full:https://registry.npmjs.org/damerau-levenshtein set size:undefined disposed:false
1018 silly fetch manifest array.prototype.tosorted@^1.1.4
1019 silly packumentCache full:https://registry.npmjs.org/array.prototype.tosorted cache-miss
1020 http fetch GET 200 https://registry.npmjs.org/safe-regex-test 139ms (cache miss)
1021 silly packumentCache full:https://registry.npmjs.org/safe-regex-test set size:undefined disposed:false
1022 silly fetch manifest es-iterator-helpers@^1.2.1
1023 silly packumentCache full:https://registry.npmjs.org/es-iterator-helpers cache-miss
1024 http fetch GET 200 https://registry.npmjs.org/emoji-regex 179ms (cache miss)
1025 silly packumentCache full:https://registry.npmjs.org/emoji-regex set size:undefined disposed:false
1026 silly fetch manifest estraverse@^5.3.0
1027 silly packumentCache full:https://registry.npmjs.org/estraverse cache-miss
1028 http fetch GET 200 https://registry.npmjs.org/jsx-ast-utils 182ms (cache miss)
1029 silly packumentCache full:https://registry.npmjs.org/jsx-ast-utils set size:undefined disposed:false
1030 silly fetch manifest jsx-ast-utils@^2.4.1 || ^3.0.0
1031 silly packumentCache full:https://registry.npmjs.org/jsx-ast-utils cache-miss
1032 http fetch GET 200 https://registry.npmjs.org/@typescript-eslint%2ftypes 1751ms (cache miss)
1033 silly packumentCache full:https://registry.npmjs.org/@typescript-eslint%2ftypes set size:undefined disposed:false
1034 silly fetch manifest object.entries@^1.1.9
1035 silly packumentCache full:https://registry.npmjs.org/object.entries cache-miss
1036 http fetch GET 200 https://registry.npmjs.org/estraverse 140ms (cache hit)
1037 silly packumentCache full:https://registry.npmjs.org/estraverse set size:62412 disposed:false
1038 silly fetch manifest prop-types@^15.8.1
1039 silly packumentCache full:https://registry.npmjs.org/prop-types cache-miss
1040 http fetch GET 200 https://registry.npmjs.org/@typescript-eslint%2fvisitor-keys 1886ms (cache miss)
1041 silly packumentCache full:https://registry.npmjs.org/@typescript-eslint%2fvisitor-keys set size:undefined disposed:false
1042 silly fetch manifest resolve@^2.0.0-next.5
1043 silly packumentCache full:https://registry.npmjs.org/resolve cache-miss
1044 http fetch GET 200 https://registry.npmjs.org/jsx-ast-utils 240ms (cache hit)
1045 silly packumentCache full:https://registry.npmjs.org/jsx-ast-utils set size:115998 disposed:false
1046 silly fetch manifest string.prototype.matchall@^4.0.12
1047 silly packumentCache full:https://registry.npmjs.org/string.prototype.matchall cache-miss
1048 http fetch GET 200 https://registry.npmjs.org/string.prototype.includes 293ms (cache miss)
1049 silly packumentCache full:https://registry.npmjs.org/string.prototype.includes set size:undefined disposed:false
1050 silly fetch manifest string.prototype.repeat@^1.0.0
1051 silly packumentCache full:https://registry.npmjs.org/string.prototype.repeat cache-miss
1052 http fetch GET 200 https://registry.npmjs.org/array.prototype.tosorted 263ms (cache miss)
1053 silly packumentCache full:https://registry.npmjs.org/array.prototype.tosorted set size:undefined disposed:false
1054 http fetch GET 200 https://registry.npmjs.org/resolve 42ms (cache hit)
1055 silly packumentCache full:https://registry.npmjs.org/resolve set size:243806 disposed:false
1056 http fetch GET 200 https://registry.npmjs.org/array.prototype.findlast 278ms (cache miss)
1057 silly packumentCache full:https://registry.npmjs.org/array.prototype.findlast set size:undefined disposed:false
1058 http fetch GET 200 https://registry.npmjs.org/object.entries 154ms (cache miss)
1059 silly packumentCache full:https://registry.npmjs.org/object.entries set size:undefined disposed:false
1060 http fetch GET 200 https://registry.npmjs.org/es-iterator-helpers 274ms (cache miss)
1061 silly packumentCache full:https://registry.npmjs.org/es-iterator-helpers set size:undefined disposed:false
1062 http fetch GET 200 https://registry.npmjs.org/prop-types 132ms (cache miss)
1063 silly packumentCache full:https://registry.npmjs.org/prop-types set size:undefined disposed:false
1064 http fetch GET 200 https://registry.npmjs.org/@typescript-eslint%2ftypescript-estree 1999ms (cache miss)
1065 silly packumentCache full:https://registry.npmjs.org/@typescript-eslint%2ftypescript-estree set size:undefined disposed:false
1066 http fetch GET 200 https://registry.npmjs.org/string.prototype.repeat 126ms (cache miss)
1067 silly packumentCache full:https://registry.npmjs.org/string.prototype.repeat set size:undefined disposed:false
1068 http fetch GET 200 https://registry.npmjs.org/string.prototype.matchall 129ms (cache miss)
1069 silly packumentCache full:https://registry.npmjs.org/string.prototype.matchall set size:undefined disposed:false
1070 http fetch GET 200 https://registry.npmjs.org/axe-core 709ms (cache miss)
1071 silly packumentCache full:https://registry.npmjs.org/axe-core set size:undefined disposed:false
1072 http fetch GET 200 https://registry.npmjs.org/@typescript-eslint%2fscope-manager 2236ms (cache miss)
1073 silly packumentCache full:https://registry.npmjs.org/@typescript-eslint%2fscope-manager set size:undefined disposed:false
1074 silly placeDep ROOT fast-glob@3.3.1 OK for: @next/eslint-plugin-next@15.5.4 want: 3.3.1
1075 silly fetch manifest merge2@^1.3.0
1076 silly packumentCache full:https://registry.npmjs.org/merge2 cache-miss
1077 silly fetch manifest micromatch@^4.0.4
1078 silly packumentCache full:https://registry.npmjs.org/micromatch cache-miss
1079 silly fetch manifest glob-parent@^5.1.2
1080 silly packumentCache full:https://registry.npmjs.org/glob-parent cache-miss
1081 silly fetch manifest @nodelib/fs.stat@^2.0.2
1082 silly packumentCache full:https://registry.npmjs.org/@nodelib%2ffs.stat cache-miss
1083 silly fetch manifest @nodelib/fs.walk@^1.2.3
1084 silly packumentCache full:https://registry.npmjs.org/@nodelib%2ffs.walk cache-miss
1085 http fetch GET 200 https://registry.npmjs.org/glob-parent 38ms (cache hit)
1086 silly packumentCache full:https://registry.npmjs.org/glob-parent set size:42445 disposed:false
1087 http fetch GET 200 https://registry.npmjs.org/merge2 106ms (cache miss)
1088 silly packumentCache full:https://registry.npmjs.org/merge2 set size:undefined disposed:false
1089 http fetch GET 200 https://registry.npmjs.org/micromatch 108ms (cache miss)
1090 silly packumentCache full:https://registry.npmjs.org/micromatch set size:undefined disposed:false
1091 http fetch GET 200 https://registry.npmjs.org/@nodelib%2ffs.walk 177ms (cache miss)
1092 silly packumentCache full:https://registry.npmjs.org/@nodelib%2ffs.walk set size:undefined disposed:false
1093 http fetch GET 200 https://registry.npmjs.org/@nodelib%2ffs.stat 240ms (cache miss)
1094 silly packumentCache full:https://registry.npmjs.org/@nodelib%2ffs.stat set size:undefined disposed:false
1095 silly fetch manifest typescript@>=4.8.4 <6.0.0
1096 silly packumentCache full:https://registry.npmjs.org/typescript cache-miss
1097 http fetch GET 200 https://registry.npmjs.org/typescript 104ms (cache hit)
1098 silly packumentCache full:https://registry.npmjs.org/typescript set size:14773250 disposed:false
1099 silly fetch manifest eslint@^8.57.0 || ^9.0.0
1100 silly packumentCache full:https://registry.npmjs.org/eslint cache-miss
1101 http fetch GET 200 https://registry.npmjs.org/eslint 5ms (cache hit)
1102 silly packumentCache full:https://registry.npmjs.org/eslint set size:1851935 disposed:false
1103 silly placeDep ROOT @typescript-eslint/scope-manager@8.46.0 OK for: @typescript-eslint/eslint-plugin@8.46.0 want: 8.46.0
1104 silly placeDep ROOT @typescript-eslint/type-utils@8.46.0 OK for: @typescript-eslint/eslint-plugin@8.46.0 want: 8.46.0
1105 silly placeDep ROOT @typescript-eslint/utils@8.46.0 OK for: @typescript-eslint/eslint-plugin@8.46.0 want: 8.46.0
1106 silly placeDep ROOT @typescript-eslint/visitor-keys@8.46.0 OK for: @typescript-eslint/eslint-plugin@8.46.0 want: 8.46.0
1107 silly placeDep ROOT graphemer@1.4.0 OK for: @typescript-eslint/eslint-plugin@8.46.0 want: ^1.4.0
1108 silly placeDep node_modules/@typescript-eslint/eslint-plugin ignore@7.0.5 OK for: @typescript-eslint/eslint-plugin@8.46.0 want: ^7.0.0
1109 silly placeDep ROOT ts-api-utils@2.1.0 OK for: @typescript-eslint/eslint-plugin@8.46.0 want: ^2.1.0
1110 silly placeDep ROOT @typescript-eslint/types@8.46.0 OK for: @typescript-eslint/parser@8.46.0 want: 8.46.0
1111 silly placeDep ROOT @typescript-eslint/typescript-estree@8.46.0 OK for: @typescript-eslint/parser@8.46.0 want: 8.46.0
1112 silly fetch manifest semver@^7.6.0
1113 silly packumentCache full:https://registry.npmjs.org/semver cache-miss
1114 silly fetch manifest fast-glob@^3.3.2
1115 silly packumentCache full:https://registry.npmjs.org/fast-glob cache-miss
1116 silly fetch manifest minimatch@^9.0.4
1117 silly packumentCache full:https://registry.npmjs.org/minimatch cache-miss
1118 silly fetch manifest @typescript-eslint/tsconfig-utils@8.46.0
1119 silly packumentCache full:https://registry.npmjs.org/@typescript-eslint%2ftsconfig-utils cache-miss
1120 silly fetch manifest @typescript-eslint/project-service@8.46.0
1121 silly packumentCache full:https://registry.npmjs.org/@typescript-eslint%2fproject-service cache-miss
1122 http fetch GET 200 https://registry.npmjs.org/fast-glob 8ms (cache hit)
1123 silly packumentCache full:https://registry.npmjs.org/fast-glob set size:220556 disposed:false
1124 http fetch GET 200 https://registry.npmjs.org/semver 12ms (cache hit)
1125 silly packumentCache full:https://registry.npmjs.org/semver set size:226907 disposed:false
1126 http fetch GET 200 https://registry.npmjs.org/minimatch 14ms (cache hit)
1127 silly packumentCache full:https://registry.npmjs.org/minimatch set size:298903 disposed:false
1128 http fetch GET 200 https://registry.npmjs.org/@typescript-eslint%2fproject-service 243ms (cache miss)
1129 silly packumentCache full:https://registry.npmjs.org/@typescript-eslint%2fproject-service set size:undefined disposed:false
1130 http fetch GET 200 https://registry.npmjs.org/@typescript-eslint%2ftsconfig-utils 259ms (cache miss)
1131 silly packumentCache full:https://registry.npmjs.org/@typescript-eslint%2ftsconfig-utils set size:undefined disposed:false
1132 silly placeDep ROOT @typescript-eslint/project-service@8.46.0 OK for: @typescript-eslint/typescript-estree@8.46.0 want: 8.46.0
1133 silly placeDep ROOT @typescript-eslint/tsconfig-utils@8.46.0 OK for: @typescript-eslint/typescript-estree@8.46.0 want: 8.46.0
1134 silly placeDep node_modules/@typescript-eslint/typescript-estree fast-glob@3.3.3 OK for: @typescript-eslint/typescript-estree@8.46.0 want: ^3.3.2
1135 silly placeDep node_modules/@typescript-eslint/typescript-estree minimatch@9.0.5 OK for: @typescript-eslint/typescript-estree@8.46.0 want: ^9.0.4
1136 silly placeDep ROOT semver@7.7.3 OK for: @typescript-eslint/typescript-estree@8.46.0 want: ^7.6.0
1137 silly fetch manifest @typescript-eslint/tsconfig-utils@^8.46.0
1138 silly packumentCache full:https://registry.npmjs.org/@typescript-eslint%2ftsconfig-utils cache-miss
1139 silly fetch manifest micromatch@^4.0.8
1140 silly packumentCache full:https://registry.npmjs.org/micromatch cache-miss
1141 silly fetch manifest brace-expansion@^2.0.1
1142 silly packumentCache full:https://registry.npmjs.org/brace-expansion cache-miss
1143 http fetch GET 200 https://registry.npmjs.org/brace-expansion 13ms (cache hit)
1144 silly packumentCache full:https://registry.npmjs.org/brace-expansion set size:46250 disposed:false
1145 http fetch GET 200 https://registry.npmjs.org/micromatch 19ms (cache hit)
1146 silly packumentCache full:https://registry.npmjs.org/micromatch set size:240630 disposed:false
1147 http fetch GET 200 https://registry.npmjs.org/@typescript-eslint%2ftsconfig-utils 33ms (cache hit)
1148 silly packumentCache full:https://registry.npmjs.org/@typescript-eslint%2ftsconfig-utils set size:490872 disposed:false
1149 silly placeDep node_modules/eslint-import-resolver-node debug@3.2.7 OK for: eslint-import-resolver-node@0.3.9 want: ^3.2.7
1150 silly placeDep ROOT is-core-module@2.16.1 OK for: eslint-import-resolver-node@0.3.9 want: ^2.13.0
1151 silly placeDep ROOT resolve@1.22.10 OK for: eslint-import-resolver-node@0.3.9 want: ^1.22.4
1152 silly fetch manifest path-parse@^1.0.7
1153 silly packumentCache full:https://registry.npmjs.org/path-parse cache-miss
1154 silly fetch manifest supports-preserve-symlinks-flag@^1.0.0
1155 silly packumentCache full:https://registry.npmjs.org/supports-preserve-symlinks-flag cache-miss
1156 http fetch GET 200 https://registry.npmjs.org/path-parse 85ms (cache miss)
1157 silly packumentCache full:https://registry.npmjs.org/path-parse set size:undefined disposed:false
1158 http fetch GET 200 https://registry.npmjs.org/supports-preserve-symlinks-flag 106ms (cache miss)
1159 silly packumentCache full:https://registry.npmjs.org/supports-preserve-symlinks-flag set size:undefined disposed:false
1160 silly placeDep ROOT @nolyfill/is-core-module@1.0.39 OK for: eslint-import-resolver-typescript@3.10.1 want: 1.0.39
1161 silly placeDep ROOT get-tsconfig@4.12.0 OK for: eslint-import-resolver-typescript@3.10.1 want: ^4.10.0
1162 silly placeDep ROOT is-bun-module@2.0.0 OK for: eslint-import-resolver-typescript@3.10.1 want: ^2.0.0
1163 silly placeDep ROOT stable-hash@0.0.5 OK for: eslint-import-resolver-typescript@3.10.1 want: ^0.0.5
1164 silly placeDep ROOT tinyglobby@0.2.15 OK for: eslint-import-resolver-typescript@3.10.1 want: ^0.2.13
1165 silly placeDep ROOT unrs-resolver@1.11.1 OK for: eslint-import-resolver-typescript@3.10.1 want: ^1.6.2
1166 silly fetch manifest resolve-pkg-maps@^1.0.0
1167 silly packumentCache full:https://registry.npmjs.org/resolve-pkg-maps cache-miss
1168 silly fetch manifest fdir@^6.5.0
1169 silly packumentCache full:https://registry.npmjs.org/fdir cache-miss
1170 silly fetch manifest picomatch@^4.0.3
1171 silly packumentCache full:https://registry.npmjs.org/picomatch cache-miss
1172 silly fetch manifest napi-postinstall@^0.3.0
1173 silly packumentCache full:https://registry.npmjs.org/napi-postinstall cache-miss
1174 silly fetch manifest @unrs/resolver-binding-win32-x64-msvc@1.11.1
1175 silly packumentCache full:https://registry.npmjs.org/@unrs%2fresolver-binding-win32-x64-msvc cache-miss
1176 silly fetch manifest @unrs/resolver-binding-win32-arm64-msvc@1.11.1
1177 silly packumentCache full:https://registry.npmjs.org/@unrs%2fresolver-binding-win32-arm64-msvc cache-miss
1178 silly fetch manifest @unrs/resolver-binding-win32-ia32-msvc@1.11.1
1179 silly packumentCache full:https://registry.npmjs.org/@unrs%2fresolver-binding-win32-ia32-msvc cache-miss
1180 silly fetch manifest @unrs/resolver-binding-linux-x64-gnu@1.11.1
1181 silly packumentCache full:https://registry.npmjs.org/@unrs%2fresolver-binding-linux-x64-gnu cache-miss
1182 silly fetch manifest @unrs/resolver-binding-linux-x64-musl@1.11.1
1183 silly packumentCache full:https://registry.npmjs.org/@unrs%2fresolver-binding-linux-x64-musl cache-miss
1184 silly fetch manifest @unrs/resolver-binding-freebsd-x64@1.11.1
1185 silly packumentCache full:https://registry.npmjs.org/@unrs%2fresolver-binding-freebsd-x64 cache-miss
1186 silly fetch manifest @unrs/resolver-binding-android-arm64@1.11.1
1187 silly packumentCache full:https://registry.npmjs.org/@unrs%2fresolver-binding-android-arm64 cache-miss
1188 http fetch GET 200 https://registry.npmjs.org/resolve-pkg-maps 160ms (cache miss)
1189 silly packumentCache full:https://registry.npmjs.org/resolve-pkg-maps set size:undefined disposed:false
1190 silly fetch manifest @unrs/resolver-binding-linux-arm64-gnu@1.11.1
1191 silly packumentCache full:https://registry.npmjs.org/@unrs%2fresolver-binding-linux-arm64-gnu cache-miss
1192 http fetch GET 200 https://registry.npmjs.org/napi-postinstall 169ms (cache miss)
1193 silly packumentCache full:https://registry.npmjs.org/napi-postinstall set size:undefined disposed:false
1194 silly fetch manifest @unrs/resolver-binding-linux-arm64-musl@1.11.1
1195 silly packumentCache full:https://registry.npmjs.org/@unrs%2fresolver-binding-linux-arm64-musl cache-miss
1196 http fetch GET 200 https://registry.npmjs.org/picomatch 182ms (cache miss)
1197 silly packumentCache full:https://registry.npmjs.org/picomatch set size:undefined disposed:false
1198 silly fetch manifest @unrs/resolver-binding-android-arm-eabi@1.11.1
1199 silly packumentCache full:https://registry.npmjs.org/@unrs%2fresolver-binding-android-arm-eabi cache-miss
1200 http fetch GET 200 https://registry.npmjs.org/fdir 193ms (cache miss)
1201 silly packumentCache full:https://registry.npmjs.org/fdir set size:undefined disposed:false
1202 silly fetch manifest @unrs/resolver-binding-linux-arm-gnueabihf@1.11.1
1203 silly packumentCache full:https://registry.npmjs.org/@unrs%2fresolver-binding-linux-arm-gnueabihf cache-miss
1204 http fetch GET 200 https://registry.npmjs.org/@unrs%2fresolver-binding-win32-arm64-msvc 240ms (cache miss)
1205 silly packumentCache full:https://registry.npmjs.org/@unrs%2fresolver-binding-win32-arm64-msvc set size:undefined disposed:false
1206 silly fetch manifest @unrs/resolver-binding-linux-arm-musleabihf@1.11.1
1207 silly packumentCache full:https://registry.npmjs.org/@unrs%2fresolver-binding-linux-arm-musleabihf cache-miss
1208 http fetch GET 200 https://registry.npmjs.org/@unrs%2fresolver-binding-win32-ia32-msvc 273ms (cache miss)
1209 silly packumentCache full:https://registry.npmjs.org/@unrs%2fresolver-binding-win32-ia32-msvc set size:undefined disposed:false
1210 silly fetch manifest @unrs/resolver-binding-linux-ppc64-gnu@1.11.1
1211 silly packumentCache full:https://registry.npmjs.org/@unrs%2fresolver-binding-linux-ppc64-gnu cache-miss
1212 http fetch GET 200 https://registry.npmjs.org/@unrs%2fresolver-binding-freebsd-x64 281ms (cache miss)
1213 silly packumentCache full:https://registry.npmjs.org/@unrs%2fresolver-binding-freebsd-x64 set size:undefined disposed:false
1214 silly fetch manifest @unrs/resolver-binding-linux-riscv64-gnu@1.11.1
1215 silly packumentCache full:https://registry.npmjs.org/@unrs%2fresolver-binding-linux-riscv64-gnu cache-miss
1216 http fetch GET 200 https://registry.npmjs.org/@unrs%2fresolver-binding-linux-x64-musl 302ms (cache miss)
1217 silly packumentCache full:https://registry.npmjs.org/@unrs%2fresolver-binding-linux-x64-musl set size:undefined disposed:false
1218 silly fetch manifest @unrs/resolver-binding-linux-riscv64-musl@1.11.1
1219 silly packumentCache full:https://registry.npmjs.org/@unrs%2fresolver-binding-linux-riscv64-musl cache-miss
1220 http fetch GET 200 https://registry.npmjs.org/@unrs%2fresolver-binding-android-arm64 303ms (cache miss)
1221 silly packumentCache full:https://registry.npmjs.org/@unrs%2fresolver-binding-android-arm64 set size:undefined disposed:false
1222 silly fetch manifest @unrs/resolver-binding-linux-s390x-gnu@1.11.1
1223 silly packumentCache full:https://registry.npmjs.org/@unrs%2fresolver-binding-linux-s390x-gnu cache-miss
1224 http fetch GET 200 https://registry.npmjs.org/@unrs%2fresolver-binding-win32-x64-msvc 325ms (cache miss)
1225 silly packumentCache full:https://registry.npmjs.org/@unrs%2fresolver-binding-win32-x64-msvc set size:undefined disposed:false
1226 silly fetch manifest @unrs/resolver-binding-darwin-x64@1.11.1
1227 silly packumentCache full:https://registry.npmjs.org/@unrs%2fresolver-binding-darwin-x64 cache-miss
1228 http fetch GET 200 https://registry.npmjs.org/@unrs%2fresolver-binding-linux-arm64-gnu 244ms (cache miss)
1229 silly packumentCache full:https://registry.npmjs.org/@unrs%2fresolver-binding-linux-arm64-gnu set size:undefined disposed:false
1230 silly fetch manifest @unrs/resolver-binding-darwin-arm64@1.11.1
1231 silly packumentCache full:https://registry.npmjs.org/@unrs%2fresolver-binding-darwin-arm64 cache-miss
1232 http fetch GET 200 https://registry.npmjs.org/@unrs%2fresolver-binding-linux-x64-gnu 441ms (cache miss)
1233 silly packumentCache full:https://registry.npmjs.org/@unrs%2fresolver-binding-linux-x64-gnu set size:undefined disposed:false
1234 silly fetch manifest @unrs/resolver-binding-wasm32-wasi@1.11.1
1235 silly packumentCache full:https://registry.npmjs.org/@unrs%2fresolver-binding-wasm32-wasi cache-miss
1236 http fetch GET 200 https://registry.npmjs.org/@unrs%2fresolver-binding-linux-arm-gnueabihf 313ms (cache miss)
1237 silly packumentCache full:https://registry.npmjs.org/@unrs%2fresolver-binding-linux-arm-gnueabihf set size:undefined disposed:false
1238 http fetch GET 200 https://registry.npmjs.org/@unrs%2fresolver-binding-linux-arm64-musl 341ms (cache miss)
1239 silly packumentCache full:https://registry.npmjs.org/@unrs%2fresolver-binding-linux-arm64-musl set size:undefined disposed:false
1240 http fetch GET 200 https://registry.npmjs.org/@unrs%2fresolver-binding-linux-arm-musleabihf 271ms (cache miss)
1241 silly packumentCache full:https://registry.npmjs.org/@unrs%2fresolver-binding-linux-arm-musleabihf set size:undefined disposed:false
1242 http fetch GET 200 https://registry.npmjs.org/@unrs%2fresolver-binding-linux-ppc64-gnu 239ms (cache miss)
1243 silly packumentCache full:https://registry.npmjs.org/@unrs%2fresolver-binding-linux-ppc64-gnu set size:undefined disposed:false
1244 http fetch GET 200 https://registry.npmjs.org/@unrs%2fresolver-binding-android-arm-eabi 339ms (cache miss)
1245 silly packumentCache full:https://registry.npmjs.org/@unrs%2fresolver-binding-android-arm-eabi set size:undefined disposed:false
1246 http fetch GET 200 https://registry.npmjs.org/@unrs%2fresolver-binding-linux-riscv64-gnu 266ms (cache miss)
1247 silly packumentCache full:https://registry.npmjs.org/@unrs%2fresolver-binding-linux-riscv64-gnu set size:undefined disposed:false
1248 http fetch GET 200 https://registry.npmjs.org/@unrs%2fresolver-binding-linux-riscv64-musl 251ms (cache miss)
1249 silly packumentCache full:https://registry.npmjs.org/@unrs%2fresolver-binding-linux-riscv64-musl set size:undefined disposed:false
1250 http fetch GET 200 https://registry.npmjs.org/@unrs%2fresolver-binding-linux-s390x-gnu 270ms (cache miss)
1251 silly packumentCache full:https://registry.npmjs.org/@unrs%2fresolver-binding-linux-s390x-gnu set size:undefined disposed:false
1252 http fetch GET 200 https://registry.npmjs.org/@unrs%2fresolver-binding-darwin-x64 278ms (cache miss)
1253 silly packumentCache full:https://registry.npmjs.org/@unrs%2fresolver-binding-darwin-x64 set size:undefined disposed:false
1254 http fetch GET 200 https://registry.npmjs.org/@unrs%2fresolver-binding-darwin-arm64 273ms (cache miss)
1255 silly packumentCache full:https://registry.npmjs.org/@unrs%2fresolver-binding-darwin-arm64 set size:undefined disposed:false
1256 http fetch GET 200 https://registry.npmjs.org/@unrs%2fresolver-binding-wasm32-wasi 296ms (cache miss)
1257 silly packumentCache full:https://registry.npmjs.org/@unrs%2fresolver-binding-wasm32-wasi set size:undefined disposed:false
1258 silly placeDep ROOT @rtsao/scc@1.1.0 OK for: eslint-plugin-import@2.32.0 want: ^1.1.0
1259 silly placeDep ROOT array-includes@3.1.9 OK for: eslint-plugin-import@2.32.0 want: ^3.1.9
1260 silly placeDep ROOT array.prototype.findlastindex@1.2.6 OK for: eslint-plugin-import@2.32.0 want: ^1.2.6
1261 silly placeDep ROOT array.prototype.flat@1.3.3 OK for: eslint-plugin-import@2.32.0 want: ^1.3.3
1262 silly placeDep ROOT array.prototype.flatmap@1.3.3 OK for: eslint-plugin-import@2.32.0 want: ^1.3.3
1263 silly placeDep node_modules/eslint-plugin-import debug@3.2.7 OK for: eslint-plugin-import@2.32.0 want: ^3.2.7
1264 silly placeDep ROOT doctrine@2.1.0 OK for: eslint-plugin-import@2.32.0 want: ^2.1.0
1265 silly placeDep ROOT eslint-module-utils@2.12.1 OK for: eslint-plugin-import@2.32.0 want: ^2.12.1
1266 silly placeDep ROOT hasown@2.0.2 OK for: eslint-plugin-import@2.32.0 want: ^2.0.2
1267 silly placeDep ROOT object.fromentries@2.0.8 OK for: eslint-plugin-import@2.32.0 want: ^2.0.8
1268 silly placeDep ROOT object.groupby@1.0.3 OK for: eslint-plugin-import@2.32.0 want: ^1.0.3
1269 silly placeDep ROOT object.values@1.2.1 OK for: eslint-plugin-import@2.32.0 want: ^1.2.1
1270 silly placeDep node_modules/eslint-plugin-import semver@6.3.1 OK for: eslint-plugin-import@2.32.0 want: ^6.3.1
1271 silly placeDep ROOT string.prototype.trimend@1.0.9 OK for: eslint-plugin-import@2.32.0 want: ^1.0.9
1272 silly placeDep ROOT tsconfig-paths@3.15.0 OK for: eslint-plugin-import@2.32.0 want: ^3.15.0
1273 silly fetch manifest call-bind@^1.0.8
1274 silly packumentCache full:https://registry.npmjs.org/call-bind cache-miss
1275 silly fetch manifest call-bound@^1.0.4
1276 silly packumentCache full:https://registry.npmjs.org/call-bound cache-miss
1277 silly fetch manifest define-properties@^1.2.1
1278 silly packumentCache full:https://registry.npmjs.org/define-properties cache-miss
1279 silly fetch manifest es-abstract@^1.24.0
1280 silly packumentCache full:https://registry.npmjs.org/es-abstract cache-miss
1281 silly fetch manifest es-object-atoms@^1.1.1
1282 silly packumentCache full:https://registry.npmjs.org/es-object-atoms cache-miss
1283 silly fetch manifest get-intrinsic@^1.3.0
1284 silly packumentCache full:https://registry.npmjs.org/get-intrinsic cache-miss
1285 silly fetch manifest is-string@^1.1.1
1286 silly packumentCache full:https://registry.npmjs.org/is-string cache-miss
1287 silly fetch manifest math-intrinsics@^1.1.0
1288 silly packumentCache full:https://registry.npmjs.org/math-intrinsics cache-miss
1289 silly fetch manifest call-bind@^1.0.8
1290 silly packumentCache full:https://registry.npmjs.org/call-bind cache-miss
1291 silly fetch manifest call-bound@^1.0.4
1292 silly packumentCache full:https://registry.npmjs.org/call-bound cache-miss
1293 silly fetch manifest define-properties@^1.2.1
1294 silly packumentCache full:https://registry.npmjs.org/define-properties cache-miss
1295 http fetch GET 200 https://registry.npmjs.org/call-bound 136ms (cache miss)
1296 silly packumentCache full:https://registry.npmjs.org/call-bound set size:undefined disposed:false
1297 silly fetch manifest es-abstract@^1.23.9
1298 silly packumentCache full:https://registry.npmjs.org/es-abstract cache-miss
1299 http fetch GET 200 https://registry.npmjs.org/math-intrinsics 165ms (cache miss)
1300 silly packumentCache full:https://registry.npmjs.org/math-intrinsics set size:undefined disposed:false
1301 silly fetch manifest es-errors@^1.3.0
1302 silly packumentCache full:https://registry.npmjs.org/es-errors cache-miss
1303 http fetch GET 200 https://registry.npmjs.org/call-bound 170ms (cache miss)
1304 silly packumentCache full:https://registry.npmjs.org/call-bound set size:undefined disposed:false
1305 silly fetch manifest es-object-atoms@^1.1.1
1306 silly packumentCache full:https://registry.npmjs.org/es-object-atoms cache-miss
1307 http fetch GET 200 https://registry.npmjs.org/get-intrinsic 186ms (cache miss)
1308 silly packumentCache full:https://registry.npmjs.org/get-intrinsic set size:undefined disposed:false
1309 silly fetch manifest es-shim-unscopables@^1.1.0
1310 silly packumentCache full:https://registry.npmjs.org/es-shim-unscopables cache-miss
1311 http fetch GET 200 https://registry.npmjs.org/is-string 199ms (cache miss)
1312 silly packumentCache full:https://registry.npmjs.org/is-string set size:undefined disposed:false
1313 silly fetch manifest call-bind@^1.0.8
1314 silly packumentCache full:https://registry.npmjs.org/call-bind cache-miss
1315 http fetch GET 200 https://registry.npmjs.org/define-properties 214ms (cache miss)
1316 silly packumentCache full:https://registry.npmjs.org/define-properties set size:undefined disposed:false
1317 silly fetch manifest es-abstract@^1.23.5
1318 silly packumentCache full:https://registry.npmjs.org/es-abstract cache-miss
1319 http fetch GET 200 https://registry.npmjs.org/call-bind 209ms (cache miss)
1320 silly packumentCache full:https://registry.npmjs.org/call-bind set size:undefined disposed:false
1321 silly fetch manifest es-shim-unscopables@^1.0.2
1322 silly packumentCache full:https://registry.npmjs.org/es-shim-unscopables cache-miss
1323 http fetch GET 200 https://registry.npmjs.org/call-bind 240ms (cache miss)
1324 silly packumentCache full:https://registry.npmjs.org/call-bind set size:undefined disposed:false
1325 silly fetch manifest es-abstract@^1.23.5
1326 silly packumentCache full:https://registry.npmjs.org/es-abstract cache-miss
1327 http fetch GET 200 https://registry.npmjs.org/define-properties 227ms (cache miss)
1328 silly packumentCache full:https://registry.npmjs.org/define-properties set size:undefined disposed:false
1329 silly fetch manifest es-shim-unscopables@^1.0.2
1330 silly packumentCache full:https://registry.npmjs.org/es-shim-unscopables cache-miss
1331 http fetch GET 200 https://registry.npmjs.org/call-bind 49ms (cache hit)
1332 silly packumentCache full:https://registry.npmjs.org/call-bind set size:30096 disposed:false
1333 silly fetch manifest function-bind@^1.1.2
1334 silly packumentCache full:https://registry.npmjs.org/function-bind cache-miss
1335 http fetch GET 200 https://registry.npmjs.org/es-abstract 267ms (cache miss)
1336 silly packumentCache full:https://registry.npmjs.org/es-abstract set size:undefined disposed:false
1337 silly fetch manifest call-bind@^1.0.7
1338 silly packumentCache full:https://registry.npmjs.org/call-bind cache-hit
1339 silly fetch manifest es-abstract@^1.23.2
1340 silly packumentCache full:https://registry.npmjs.org/es-abstract cache-miss
1341 http fetch GET 200 https://registry.npmjs.org/es-abstract 163ms (cache miss)
1342 silly packumentCache full:https://registry.npmjs.org/es-abstract set size:undefined disposed:false
1343 silly fetch manifest es-object-atoms@^1.0.0
1344 silly packumentCache full:https://registry.npmjs.org/es-object-atoms cache-miss
1345 http fetch GET 200 https://registry.npmjs.org/es-object-atoms 327ms (cache miss)
1346 silly packumentCache full:https://registry.npmjs.org/es-object-atoms set size:undefined disposed:false
1347 silly fetch manifest es-abstract@^1.23.2
1348 silly packumentCache full:https://registry.npmjs.org/es-abstract cache-miss
1349 http fetch GET 200 https://registry.npmjs.org/es-abstract 56ms (cache hit)
1350 silly packumentCache full:https://registry.npmjs.org/es-abstract set size:373045 disposed:false
1351 silly fetch manifest call-bound@^1.0.3
1352 silly packumentCache full:https://registry.npmjs.org/call-bound cache-miss
1353 http fetch GET 200 https://registry.npmjs.org/es-object-atoms 174ms (cache miss)
1354 silly packumentCache full:https://registry.npmjs.org/es-object-atoms set size:undefined disposed:false
1355 silly fetch manifest es-object-atoms@^1.0.0
1356 silly packumentCache full:https://registry.npmjs.org/es-object-atoms cache-miss
1357 http fetch GET 200 https://registry.npmjs.org/es-errors 210ms (cache miss)
1358 silly packumentCache full:https://registry.npmjs.org/es-errors set size:undefined disposed:false
1359 silly fetch manifest call-bound@^1.0.2
1360 silly packumentCache full:https://registry.npmjs.org/call-bound cache-miss
1361 http fetch GET 200 https://registry.npmjs.org/es-abstract 63ms (cache hit)
1362 silly packumentCache full:https://registry.npmjs.org/es-abstract set size:373045 disposed:false
1363 silly packumentCache full:https://registry.npmjs.org/es-abstract dispose
1364 silly fetch manifest es-object-atoms@^1.0.0
1365 silly packumentCache full:https://registry.npmjs.org/es-object-atoms cache-miss
1366 http fetch GET 200 https://registry.npmjs.org/function-bind 140ms (cache miss)
1367 silly packumentCache full:https://registry.npmjs.org/function-bind set size:undefined disposed:false
1368 silly fetch manifest json5@^1.0.2
1369 silly packumentCache full:https://registry.npmjs.org/json5 cache-miss
1370 http fetch GET 200 https://registry.npmjs.org/es-shim-unscopables 209ms (cache miss)
1371 silly packumentCache full:https://registry.npmjs.org/es-shim-unscopables set size:undefined disposed:false
1372 silly fetch manifest minimist@^1.2.6
1373 silly packumentCache full:https://registry.npmjs.org/minimist cache-miss
1374 http fetch GET 200 https://registry.npmjs.org/es-abstract 189ms (cache miss)
1375 silly packumentCache full:https://registry.npmjs.org/es-abstract set size:undefined disposed:true
1376 silly packumentCache full:https://registry.npmjs.org/es-abstract dispose
1377 silly fetch manifest strip-bom@^3.0.0
1378 silly packumentCache full:https://registry.npmjs.org/strip-bom cache-miss
1379 http fetch GET 200 https://registry.npmjs.org/es-object-atoms 101ms (cache miss)
1380 silly packumentCache full:https://registry.npmjs.org/es-object-atoms set size:undefined disposed:false
1381 silly fetch manifest @types/json5@^0.0.29
1382 silly packumentCache full:https://registry.npmjs.org/@types%2fjson5 cache-miss
1383 http fetch GET 200 https://registry.npmjs.org/es-object-atoms 58ms (cache hit)
1384 silly packumentCache full:https://registry.npmjs.org/es-object-atoms set size:15304 disposed:false
1385 http fetch GET 200 https://registry.npmjs.org/call-bound 69ms (cache hit)
1386 silly packumentCache full:https://registry.npmjs.org/call-bound set size:15317 disposed:false
1387 http fetch GET 200 https://registry.npmjs.org/es-shim-unscopables 198ms (cache miss)
1388 silly packumentCache full:https://registry.npmjs.org/es-shim-unscopables set size:undefined disposed:false
1389 http fetch GET 200 https://registry.npmjs.org/es-shim-unscopables 178ms (cache miss)
1390 silly packumentCache full:https://registry.npmjs.org/es-shim-unscopables set size:undefined disposed:false
1391 http fetch GET 200 https://registry.npmjs.org/call-bound 34ms (cache hit)
1392 silly packumentCache full:https://registry.npmjs.org/call-bound set size:15317 disposed:false
1393 silly packumentCache full:https://registry.npmjs.org/call-bound dispose
1394 http fetch GET 200 https://registry.npmjs.org/es-abstract 185ms (cache miss)
1395 silly packumentCache full:https://registry.npmjs.org/es-abstract set size:undefined disposed:true
1396 http fetch GET 200 https://registry.npmjs.org/es-object-atoms 27ms (cache hit)
1397 silly packumentCache full:https://registry.npmjs.org/es-object-atoms set size:15304 disposed:false
1398 silly packumentCache full:https://registry.npmjs.org/es-object-atoms dispose
1399 http fetch GET 200 https://registry.npmjs.org/minimist 84ms (cache miss)
1400 silly packumentCache full:https://registry.npmjs.org/minimist set size:undefined disposed:false
1401 http fetch GET 200 https://registry.npmjs.org/json5 125ms (cache miss)
1402 silly packumentCache full:https://registry.npmjs.org/json5 set size:undefined disposed:false
1403 http fetch GET 200 https://registry.npmjs.org/strip-bom 131ms (cache miss)
1404 silly packumentCache full:https://registry.npmjs.org/strip-bom set size:undefined disposed:false
1405 http fetch GET 200 https://registry.npmjs.org/@types%2fjson5 187ms (cache miss)
1406 silly packumentCache full:https://registry.npmjs.org/@types%2fjson5 set size:undefined disposed:false
1407 silly placeDep ROOT call-bind@1.0.8 OK for: array-includes@3.1.9 want: ^1.0.8
1408 silly placeDep ROOT call-bound@1.0.4 OK for: array-includes@3.1.9 want: ^1.0.4
1409 silly placeDep ROOT define-properties@1.2.1 OK for: array-includes@3.1.9 want: ^1.2.1
1410 silly placeDep ROOT es-abstract@1.24.0 OK for: array-includes@3.1.9 want: ^1.24.0
1411 silly placeDep ROOT es-object-atoms@1.1.1 OK for: array-includes@3.1.9 want: ^1.1.1
1412 silly placeDep ROOT get-intrinsic@1.3.0 OK for: array-includes@3.1.9 want: ^1.3.0
1413 silly placeDep ROOT is-string@1.1.1 OK for: array-includes@3.1.9 want: ^1.1.1
1414 silly placeDep ROOT math-intrinsics@1.1.0 OK for: array-includes@3.1.9 want: ^1.1.0
1415 silly fetch manifest call-bind-apply-helpers@^1.0.0
1416 silly packumentCache full:https://registry.npmjs.org/call-bind-apply-helpers cache-miss
1417 silly fetch manifest es-define-property@^1.0.0
1418 silly packumentCache full:https://registry.npmjs.org/es-define-property cache-miss
1419 silly fetch manifest get-intrinsic@^1.2.4
1420 silly packumentCache full:https://registry.npmjs.org/get-intrinsic cache-miss
1421 silly fetch manifest set-function-length@^1.2.2
1422 silly packumentCache full:https://registry.npmjs.org/set-function-length cache-miss
1423 silly fetch manifest call-bind-apply-helpers@^1.0.2
1424 silly packumentCache full:https://registry.npmjs.org/call-bind-apply-helpers cache-miss
1425 silly fetch manifest define-data-property@^1.0.1
1426 silly packumentCache full:https://registry.npmjs.org/define-data-property cache-miss
1427 silly fetch manifest has-property-descriptors@^1.0.0
1428 silly packumentCache full:https://registry.npmjs.org/has-property-descriptors cache-miss
1429 silly fetch manifest object-keys@^1.1.1
1430 silly packumentCache full:https://registry.npmjs.org/object-keys cache-miss
1431 silly fetch manifest array-buffer-byte-length@^1.0.2
1432 silly packumentCache full:https://registry.npmjs.org/array-buffer-byte-length cache-miss
1433 silly fetch manifest arraybuffer.prototype.slice@^1.0.4
1434 silly packumentCache full:https://registry.npmjs.org/arraybuffer.prototype.slice cache-miss
1435 silly fetch manifest available-typed-arrays@^1.0.7
1436 silly packumentCache full:https://registry.npmjs.org/available-typed-arrays cache-miss
1437 http fetch GET 200 https://registry.npmjs.org/get-intrinsic 66ms (cache hit)
1438 silly packumentCache full:https://registry.npmjs.org/get-intrinsic set size:60985 disposed:false
1439 silly fetch manifest data-view-buffer@^1.0.2
1440 silly packumentCache full:https://registry.npmjs.org/data-view-buffer cache-miss
1441 http fetch GET 200 https://registry.npmjs.org/arraybuffer.prototype.slice 117ms (cache miss)
1442 silly packumentCache full:https://registry.npmjs.org/arraybuffer.prototype.slice set size:undefined disposed:false
1443 silly fetch manifest data-view-byte-length@^1.0.2
1444 silly packumentCache full:https://registry.npmjs.org/data-view-byte-length cache-miss
1445 http fetch GET 200 https://registry.npmjs.org/array-buffer-byte-length 125ms (cache miss)
1446 silly packumentCache full:https://registry.npmjs.org/array-buffer-byte-length set size:undefined disposed:false
1447 silly fetch manifest data-view-byte-offset@^1.0.1
1448 silly packumentCache full:https://registry.npmjs.org/data-view-byte-offset cache-miss
1449 http fetch GET 200 https://registry.npmjs.org/call-bind-apply-helpers 152ms (cache miss)
1450 silly packumentCache full:https://registry.npmjs.org/call-bind-apply-helpers set size:undefined disposed:false
1451 silly fetch manifest es-define-property@^1.0.1
1452 silly packumentCache full:https://registry.npmjs.org/es-define-property cache-miss
1453 http fetch GET 200 https://registry.npmjs.org/object-keys 139ms (cache miss)
1454 silly packumentCache full:https://registry.npmjs.org/object-keys set size:undefined disposed:false
1455 silly fetch manifest es-set-tostringtag@^2.1.0
1456 silly packumentCache full:https://registry.npmjs.org/es-set-tostringtag cache-miss
1457 http fetch GET 200 https://registry.npmjs.org/call-bind-apply-helpers 164ms (cache miss)
1458 silly packumentCache full:https://registry.npmjs.org/call-bind-apply-helpers set size:undefined disposed:false
1459 silly fetch manifest es-to-primitive@^1.3.0
1460 silly packumentCache full:https://registry.npmjs.org/es-to-primitive cache-miss
1461 http fetch GET 200 https://registry.npmjs.org/available-typed-arrays 168ms (cache miss)
1462 silly packumentCache full:https://registry.npmjs.org/available-typed-arrays set size:undefined disposed:false
1463 silly fetch manifest function.prototype.name@^1.1.8
1464 silly packumentCache full:https://registry.npmjs.org/function.prototype.name cache-miss
1465 http fetch GET 200 https://registry.npmjs.org/set-function-length 217ms (cache miss)
1466 silly packumentCache full:https://registry.npmjs.org/set-function-length set size:undefined disposed:false
1467 silly fetch manifest get-proto@^1.0.1
1468 silly packumentCache full:https://registry.npmjs.org/get-proto cache-miss
1469 http fetch GET 200 https://registry.npmjs.org/has-property-descriptors 223ms (cache miss)
1470 silly packumentCache full:https://registry.npmjs.org/has-property-descriptors set size:undefined disposed:false
1471 silly fetch manifest get-symbol-description@^1.1.0
1472 silly packumentCache full:https://registry.npmjs.org/get-symbol-description cache-miss
1473 http fetch GET 200 https://registry.npmjs.org/es-define-property 249ms (cache miss)
1474 silly packumentCache full:https://registry.npmjs.org/es-define-property set size:undefined disposed:false
1475 silly fetch manifest globalthis@^1.0.4
1476 silly packumentCache full:https://registry.npmjs.org/globalthis cache-miss
1477 http fetch GET 200 https://registry.npmjs.org/define-data-property 244ms (cache miss)
1478 silly packumentCache full:https://registry.npmjs.org/define-data-property set size:undefined disposed:false
1479 silly fetch manifest gopd@^1.2.0
1480 silly packumentCache full:https://registry.npmjs.org/gopd cache-miss
1481 http fetch GET 200 https://registry.npmjs.org/data-view-buffer 191ms (cache miss)
1482 silly packumentCache full:https://registry.npmjs.org/data-view-buffer set size:undefined disposed:false
1483 silly fetch manifest has-property-descriptors@^1.0.2
1484 silly packumentCache full:https://registry.npmjs.org/has-property-descriptors cache-miss
1485 http fetch GET 200 https://registry.npmjs.org/es-define-property 121ms (cache miss)
1486 silly packumentCache full:https://registry.npmjs.org/es-define-property set size:undefined disposed:false
1487 silly fetch manifest has-proto@^1.2.0
1488 silly packumentCache full:https://registry.npmjs.org/has-proto cache-miss
1489 http fetch GET 200 https://registry.npmjs.org/data-view-byte-offset 133ms (cache miss)
1490 silly packumentCache full:https://registry.npmjs.org/data-view-byte-offset set size:undefined disposed:false
1491 silly fetch manifest has-symbols@^1.1.0
1492 silly packumentCache full:https://registry.npmjs.org/has-symbols cache-miss
1493 http fetch GET 200 https://registry.npmjs.org/data-view-byte-length 143ms (cache miss)
1494 silly packumentCache full:https://registry.npmjs.org/data-view-byte-length set size:undefined disposed:false
1495 silly fetch manifest internal-slot@^1.1.0
1496 silly packumentCache full:https://registry.npmjs.org/internal-slot cache-miss
1497 http fetch GET 200 https://registry.npmjs.org/es-to-primitive 121ms (cache miss)
1498 silly packumentCache full:https://registry.npmjs.org/es-to-primitive set size:undefined disposed:false
1499 silly fetch manifest is-array-buffer@^3.0.5
1500 silly packumentCache full:https://registry.npmjs.org/is-array-buffer cache-miss
1501 http fetch GET 200 https://registry.npmjs.org/has-property-descriptors 38ms (cache hit)
1502 silly packumentCache full:https://registry.npmjs.org/has-property-descriptors set size:12452 disposed:false
1503 silly fetch manifest is-callable@^1.2.7
1504 silly packumentCache full:https://registry.npmjs.org/is-callable cache-miss
1505 http fetch GET 200 https://registry.npmjs.org/es-set-tostringtag 172ms (cache miss)
1506 silly packumentCache full:https://registry.npmjs.org/es-set-tostringtag set size:undefined disposed:false
1507 silly fetch manifest is-data-view@^1.0.2
1508 silly packumentCache full:https://registry.npmjs.org/is-data-view cache-miss
1509 http fetch GET 200 https://registry.npmjs.org/get-proto 119ms (cache miss)
1510 silly packumentCache full:https://registry.npmjs.org/get-proto set size:undefined disposed:false
1511 silly fetch manifest is-negative-zero@^2.0.3
1512 silly packumentCache full:https://registry.npmjs.org/is-negative-zero cache-miss
1513 http fetch GET 200 https://registry.npmjs.org/function.prototype.name 153ms (cache miss)
1514 silly packumentCache full:https://registry.npmjs.org/function.prototype.name set size:undefined disposed:false
1515 silly fetch manifest is-regex@^1.2.1
1516 silly packumentCache full:https://registry.npmjs.org/is-regex cache-miss
1517 http fetch GET 200 https://registry.npmjs.org/gopd 106ms (cache miss)
1518 silly packumentCache full:https://registry.npmjs.org/gopd set size:undefined disposed:false
1519 silly fetch manifest is-set@^2.0.3
1520 silly packumentCache full:https://registry.npmjs.org/is-set cache-miss
1521 http fetch GET 200 https://registry.npmjs.org/globalthis 118ms (cache miss)
1522 silly packumentCache full:https://registry.npmjs.org/globalthis set size:undefined disposed:false
1523 silly fetch manifest is-shared-array-buffer@^1.0.4
1524 silly packumentCache full:https://registry.npmjs.org/is-shared-array-buffer cache-miss
1525 http fetch GET 200 https://registry.npmjs.org/get-symbol-description 169ms (cache miss)
1526 silly packumentCache full:https://registry.npmjs.org/get-symbol-description set size:undefined disposed:false
1527 silly fetch manifest is-typed-array@^1.1.15
1528 silly packumentCache full:https://registry.npmjs.org/is-typed-array cache-miss
1529 http fetch GET 200 https://registry.npmjs.org/has-proto 137ms (cache miss)
1530 silly packumentCache full:https://registry.npmjs.org/has-proto set size:undefined disposed:false
1531 silly fetch manifest is-weakref@^1.1.1
1532 silly packumentCache full:https://registry.npmjs.org/is-weakref cache-miss
1533 http fetch GET 200 https://registry.npmjs.org/has-symbols 138ms (cache miss)
1534 silly packumentCache full:https://registry.npmjs.org/has-symbols set size:undefined disposed:false
1535 silly fetch manifest object-inspect@^1.13.4
1536 silly packumentCache full:https://registry.npmjs.org/object-inspect cache-miss
1537 http fetch GET 200 https://registry.npmjs.org/is-array-buffer 125ms (cache miss)
1538 silly packumentCache full:https://registry.npmjs.org/is-array-buffer set size:undefined disposed:false
1539 silly fetch manifest object.assign@^4.1.7
1540 silly packumentCache full:https://registry.npmjs.org/object.assign cache-miss
1541 http fetch GET 200 https://registry.npmjs.org/is-callable 130ms (cache miss)
1542 silly packumentCache full:https://registry.npmjs.org/is-callable set size:undefined disposed:false
1543 silly fetch manifest own-keys@^1.0.1
1544 silly packumentCache full:https://registry.npmjs.org/own-keys cache-miss
1545 http fetch GET 200 https://registry.npmjs.org/internal-slot 155ms (cache miss)
1546 silly packumentCache full:https://registry.npmjs.org/internal-slot set size:undefined disposed:false
1547 silly fetch manifest regexp.prototype.flags@^1.5.4
1548 silly packumentCache full:https://registry.npmjs.org/regexp.prototype.flags cache-miss
1549 http fetch GET 200 https://registry.npmjs.org/is-data-view 110ms (cache miss)
1550 silly packumentCache full:https://registry.npmjs.org/is-data-view set size:undefined disposed:false
1551 silly fetch manifest safe-array-concat@^1.1.3
1552 silly packumentCache full:https://registry.npmjs.org/safe-array-concat cache-miss
1553 http fetch GET 200 https://registry.npmjs.org/is-negative-zero 99ms (cache miss)
1554 silly packumentCache full:https://registry.npmjs.org/is-negative-zero set size:undefined disposed:false
1555 silly fetch manifest safe-push-apply@^1.0.0
1556 silly packumentCache full:https://registry.npmjs.org/safe-push-apply cache-miss
1557 http fetch GET 200 https://registry.npmjs.org/is-regex 96ms (cache miss)
1558 silly packumentCache full:https://registry.npmjs.org/is-regex set size:undefined disposed:false
1559 silly fetch manifest safe-regex-test@^1.1.0
1560 silly packumentCache full:https://registry.npmjs.org/safe-regex-test cache-miss
1561 http fetch GET 200 https://registry.npmjs.org/safe-regex-test 3ms (cache hit)
1562 silly packumentCache full:https://registry.npmjs.org/safe-regex-test set size:17412 disposed:false
1563 silly fetch manifest set-proto@^1.0.0
1564 silly packumentCache full:https://registry.npmjs.org/set-proto cache-miss
1565 http fetch GET 200 https://registry.npmjs.org/is-set 114ms (cache miss)
1566 silly packumentCache full:https://registry.npmjs.org/is-set set size:undefined disposed:false
1567 silly fetch manifest stop-iteration-iterator@^1.1.0
1568 silly packumentCache full:https://registry.npmjs.org/stop-iteration-iterator cache-miss
1569 http fetch GET 200 https://registry.npmjs.org/is-typed-array 80ms (cache miss)
1570 silly packumentCache full:https://registry.npmjs.org/is-typed-array set size:undefined disposed:false
1571 silly fetch manifest string.prototype.trim@^1.2.10
1572 silly packumentCache full:https://registry.npmjs.org/string.prototype.trim cache-miss
1573 http fetch GET 200 https://registry.npmjs.org/is-shared-array-buffer 129ms (cache miss)
1574 silly packumentCache full:https://registry.npmjs.org/is-shared-array-buffer set size:undefined disposed:false
1575 silly fetch manifest string.prototype.trimstart@^1.0.8
1576 silly packumentCache full:https://registry.npmjs.org/string.prototype.trimstart cache-miss
1577 http fetch GET 200 https://registry.npmjs.org/is-weakref 99ms (cache miss)
1578 silly packumentCache full:https://registry.npmjs.org/is-weakref set size:undefined disposed:false
1579 silly fetch manifest typed-array-buffer@^1.0.3
1580 silly packumentCache full:https://registry.npmjs.org/typed-array-buffer cache-miss
1581 http fetch GET 200 https://registry.npmjs.org/safe-array-concat 74ms (cache miss)
1582 silly packumentCache full:https://registry.npmjs.org/safe-array-concat set size:undefined disposed:false
1583 silly fetch manifest typed-array-byte-length@^1.0.3
1584 silly packumentCache full:https://registry.npmjs.org/typed-array-byte-length cache-miss
1585 http fetch GET 200 https://registry.npmjs.org/own-keys 90ms (cache miss)
1586 silly packumentCache full:https://registry.npmjs.org/own-keys set size:undefined disposed:false
1587 silly fetch manifest typed-array-byte-offset@^1.0.4
1588 silly packumentCache full:https://registry.npmjs.org/typed-array-byte-offset cache-miss
1589 http fetch GET 200 https://registry.npmjs.org/object.assign 123ms (cache miss)
1590 silly packumentCache full:https://registry.npmjs.org/object.assign set size:undefined disposed:false
1591 silly fetch manifest typed-array-length@^1.0.7
1592 silly packumentCache full:https://registry.npmjs.org/typed-array-length cache-miss
1593 http fetch GET 200 https://registry.npmjs.org/object-inspect 135ms (cache miss)
1594 silly packumentCache full:https://registry.npmjs.org/object-inspect set size:undefined disposed:false
1595 silly fetch manifest unbox-primitive@^1.1.0
1596 silly packumentCache full:https://registry.npmjs.org/unbox-primitive cache-miss
1597 http fetch GET 200 https://registry.npmjs.org/set-proto 100ms (cache miss)
1598 silly packumentCache full:https://registry.npmjs.org/set-proto set size:undefined disposed:false
1599 silly fetch manifest which-typed-array@^1.1.19
1600 silly packumentCache full:https://registry.npmjs.org/which-typed-array cache-miss
1601 http fetch GET 200 https://registry.npmjs.org/regexp.prototype.flags 126ms (cache miss)
1602 silly packumentCache full:https://registry.npmjs.org/regexp.prototype.flags set size:undefined disposed:false
1603 silly fetch manifest has-tostringtag@^1.0.2
1604 silly packumentCache full:https://registry.npmjs.org/has-tostringtag cache-miss
1605 http fetch GET 200 https://registry.npmjs.org/safe-push-apply 129ms (cache miss)
1606 silly packumentCache full:https://registry.npmjs.org/safe-push-apply set size:undefined disposed:false
1607 http fetch GET 200 https://registry.npmjs.org/stop-iteration-iterator 101ms (cache miss)
1608 silly packumentCache full:https://registry.npmjs.org/stop-iteration-iterator set size:undefined disposed:false
1609 http fetch GET 200 https://registry.npmjs.org/typed-array-byte-length 85ms (cache miss)
1610 silly packumentCache full:https://registry.npmjs.org/typed-array-byte-length set size:undefined disposed:false
1611 http fetch GET 200 https://registry.npmjs.org/string.prototype.trim 119ms (cache miss)
1612 silly packumentCache full:https://registry.npmjs.org/string.prototype.trim set size:undefined disposed:false
1613 http fetch GET 200 https://registry.npmjs.org/string.prototype.trimstart 129ms (cache miss)
1614 silly packumentCache full:https://registry.npmjs.org/string.prototype.trimstart set size:undefined disposed:false
1615 http fetch GET 200 https://registry.npmjs.org/typed-array-buffer 152ms (cache miss)
1616 silly packumentCache full:https://registry.npmjs.org/typed-array-buffer set size:undefined disposed:false
1617 http fetch GET 200 https://registry.npmjs.org/typed-array-byte-offset 140ms (cache miss)
1618 silly packumentCache full:https://registry.npmjs.org/typed-array-byte-offset set size:undefined disposed:false
1619 http fetch GET 200 https://registry.npmjs.org/which-typed-array 113ms (cache miss)
1620 silly packumentCache full:https://registry.npmjs.org/which-typed-array set size:undefined disposed:false
1621 http fetch GET 200 https://registry.npmjs.org/typed-array-length 127ms (cache miss)
1622 silly packumentCache full:https://registry.npmjs.org/typed-array-length set size:undefined disposed:false
1623 http fetch GET 200 https://registry.npmjs.org/unbox-primitive 136ms (cache miss)
1624 silly packumentCache full:https://registry.npmjs.org/unbox-primitive set size:undefined disposed:false
1625 http fetch GET 200 https://registry.npmjs.org/has-tostringtag 121ms (cache miss)
1626 silly packumentCache full:https://registry.npmjs.org/has-tostringtag set size:undefined disposed:false
1627 silly placeDep ROOT es-errors@1.3.0 OK for: array.prototype.findlastindex@1.2.6 want: ^1.3.0
1628 silly placeDep ROOT es-shim-unscopables@1.1.0 OK for: array.prototype.findlastindex@1.2.6 want: ^1.1.0
1629 silly placeDep ROOT call-bind-apply-helpers@1.0.2 OK for: call-bind@1.0.8 want: ^1.0.0
1630 silly placeDep ROOT es-define-property@1.0.1 OK for: call-bind@1.0.8 want: ^1.0.0
1631 silly placeDep ROOT set-function-length@1.2.2 OK for: call-bind@1.0.8 want: ^1.2.2
1632 silly fetch manifest define-data-property@^1.1.4
1633 silly packumentCache full:https://registry.npmjs.org/define-data-property cache-miss
1634 silly fetch manifest gopd@^1.0.1
1635 silly packumentCache full:https://registry.npmjs.org/gopd cache-miss
1636 http fetch GET 200 https://registry.npmjs.org/define-data-property 12ms (cache hit)
1637 silly packumentCache full:https://registry.npmjs.org/define-data-property set size:28048 disposed:false
1638 http fetch GET 200 https://registry.npmjs.org/gopd 12ms (cache hit)
1639 silly packumentCache full:https://registry.npmjs.org/gopd set size:11458 disposed:false
1640 silly placeDep ROOT function-bind@1.1.2 OK for: call-bind-apply-helpers@1.0.2 want: ^1.1.2
1641 silly placeDep ROOT define-data-property@1.1.4 OK for: define-properties@1.2.1 want: ^1.0.1
1642 silly placeDep ROOT has-property-descriptors@1.0.2 OK for: define-properties@1.2.1 want: ^1.0.0
1643 silly placeDep ROOT object-keys@1.1.1 OK for: define-properties@1.2.1 want: ^1.1.1
1644 silly placeDep ROOT gopd@1.2.0 OK for: define-data-property@1.1.4 want: ^1.0.1
1645 silly placeDep ROOT array-buffer-byte-length@1.0.2 OK for: es-abstract@1.24.0 want: ^1.0.2
1646 silly placeDep ROOT arraybuffer.prototype.slice@1.0.4 OK for: es-abstract@1.24.0 want: ^1.0.4
1647 silly placeDep ROOT available-typed-arrays@1.0.7 OK for: es-abstract@1.24.0 want: ^1.0.7
1648 silly placeDep ROOT data-view-buffer@1.0.2 OK for: es-abstract@1.24.0 want: ^1.0.2
1649 silly placeDep ROOT data-view-byte-length@1.0.2 OK for: es-abstract@1.24.0 want: ^1.0.2
1650 silly placeDep ROOT data-view-byte-offset@1.0.1 OK for: es-abstract@1.24.0 want: ^1.0.1
1651 silly placeDep ROOT es-set-tostringtag@2.1.0 OK for: es-abstract@1.24.0 want: ^2.1.0
1652 silly placeDep ROOT es-to-primitive@1.3.0 OK for: es-abstract@1.24.0 want: ^1.3.0
1653 silly placeDep ROOT function.prototype.name@1.1.8 OK for: es-abstract@1.24.0 want: ^1.1.8
1654 silly placeDep ROOT get-proto@1.0.1 OK for: es-abstract@1.24.0 want: ^1.0.1
1655 silly placeDep ROOT get-symbol-description@1.1.0 OK for: es-abstract@1.24.0 want: ^1.1.0
1656 silly placeDep ROOT globalthis@1.0.4 OK for: es-abstract@1.24.0 want: ^1.0.4
1657 silly placeDep ROOT has-proto@1.2.0 OK for: es-abstract@1.24.0 want: ^1.2.0
1658 silly placeDep ROOT has-symbols@1.1.0 OK for: es-abstract@1.24.0 want: ^1.1.0
1659 silly placeDep ROOT internal-slot@1.1.0 OK for: es-abstract@1.24.0 want: ^1.1.0
1660 silly placeDep ROOT is-array-buffer@3.0.5 OK for: es-abstract@1.24.0 want: ^3.0.5
1661 silly placeDep ROOT is-callable@1.2.7 OK for: es-abstract@1.24.0 want: ^1.2.7
1662 silly placeDep ROOT is-data-view@1.0.2 OK for: es-abstract@1.24.0 want: ^1.0.2
1663 silly placeDep ROOT is-negative-zero@2.0.3 OK for: es-abstract@1.24.0 want: ^2.0.3
1664 silly placeDep ROOT is-regex@1.2.1 OK for: es-abstract@1.24.0 want: ^1.2.1
1665 silly placeDep ROOT is-set@2.0.3 OK for: es-abstract@1.24.0 want: ^2.0.3
1666 silly placeDep ROOT is-shared-array-buffer@1.0.4 OK for: es-abstract@1.24.0 want: ^1.0.4
1667 silly placeDep ROOT is-typed-array@1.1.15 OK for: es-abstract@1.24.0 want: ^1.1.15
1668 silly placeDep ROOT is-weakref@1.1.1 OK for: es-abstract@1.24.0 want: ^1.1.1
1669 silly placeDep ROOT object-inspect@1.13.4 OK for: es-abstract@1.24.0 want: ^1.13.4
1670 silly placeDep ROOT object.assign@4.1.7 OK for: es-abstract@1.24.0 want: ^4.1.7
1671 silly placeDep ROOT own-keys@1.0.1 OK for: es-abstract@1.24.0 want: ^1.0.1
1672 silly placeDep ROOT regexp.prototype.flags@1.5.4 OK for: es-abstract@1.24.0 want: ^1.5.4
1673 silly placeDep ROOT safe-array-concat@1.1.3 OK for: es-abstract@1.24.0 want: ^1.1.3
1674 silly placeDep ROOT safe-push-apply@1.0.0 OK for: es-abstract@1.24.0 want: ^1.0.0
1675 silly placeDep ROOT safe-regex-test@1.1.0 OK for: es-abstract@1.24.0 want: ^1.1.0
1676 silly placeDep ROOT set-proto@1.0.0 OK for: es-abstract@1.24.0 want: ^1.0.0
1677 silly placeDep ROOT stop-iteration-iterator@1.1.0 OK for: es-abstract@1.24.0 want: ^1.1.0
1678 silly placeDep ROOT string.prototype.trim@1.2.10 OK for: es-abstract@1.24.0 want: ^1.2.10
1679 silly placeDep ROOT string.prototype.trimstart@1.0.8 OK for: es-abstract@1.24.0 want: ^1.0.8
1680 silly placeDep ROOT typed-array-buffer@1.0.3 OK for: es-abstract@1.24.0 want: ^1.0.3
1681 silly placeDep ROOT typed-array-byte-length@1.0.3 OK for: es-abstract@1.24.0 want: ^1.0.3
1682 silly placeDep ROOT typed-array-byte-offset@1.0.4 OK for: es-abstract@1.24.0 want: ^1.0.4
1683 silly placeDep ROOT typed-array-length@1.0.7 OK for: es-abstract@1.24.0 want: ^1.0.7
1684 silly placeDep ROOT unbox-primitive@1.1.0 OK for: es-abstract@1.24.0 want: ^1.1.0
1685 silly placeDep ROOT which-typed-array@1.1.19 OK for: es-abstract@1.24.0 want: ^1.1.19
1686 silly fetch manifest is-array-buffer@^3.0.4
1687 silly packumentCache full:https://registry.npmjs.org/is-array-buffer cache-miss
1688 silly fetch manifest possible-typed-array-names@^1.0.0
1689 silly packumentCache full:https://registry.npmjs.org/possible-typed-array-names cache-miss
1690 silly fetch manifest is-data-view@^1.0.1
1691 silly packumentCache full:https://registry.npmjs.org/is-data-view cache-miss
1692 silly fetch manifest is-date-object@^1.0.5
1693 silly packumentCache full:https://registry.npmjs.org/is-date-object cache-miss
1694 silly fetch manifest is-symbol@^1.0.4
1695 silly packumentCache full:https://registry.npmjs.org/is-symbol cache-miss
1696 silly fetch manifest functions-have-names@^1.2.3
1697 silly packumentCache full:https://registry.npmjs.org/functions-have-names cache-miss
1698 silly fetch manifest dunder-proto@^1.0.1
1699 silly packumentCache full:https://registry.npmjs.org/dunder-proto cache-miss
1700 silly fetch manifest dunder-proto@^1.0.0
1701 silly packumentCache full:https://registry.npmjs.org/dunder-proto cache-miss
1702 silly fetch manifest side-channel@^1.1.0
1703 silly packumentCache full:https://registry.npmjs.org/side-channel cache-miss
1704 silly fetch manifest is-typed-array@^1.1.13
1705 silly packumentCache full:https://registry.npmjs.org/is-typed-array cache-miss
1706 silly fetch manifest which-typed-array@^1.1.16
1707 silly packumentCache full:https://registry.npmjs.org/which-typed-array cache-miss
1708 http fetch GET 200 https://registry.npmjs.org/which-typed-array 11ms (cache hit)
1709 silly packumentCache full:https://registry.npmjs.org/which-typed-array set size:89701 disposed:false
1710 silly fetch manifest set-function-name@^2.0.2
1711 silly packumentCache full:https://registry.npmjs.org/set-function-name cache-miss
1712 http fetch GET 200 https://registry.npmjs.org/is-array-buffer 20ms (cache hit)
1713 silly packumentCache full:https://registry.npmjs.org/is-array-buffer set size:33562 disposed:false
1714 silly fetch manifest isarray@^2.0.5
1715 silly packumentCache full:https://registry.npmjs.org/isarray cache-miss
1716 http fetch GET 200 https://registry.npmjs.org/is-typed-array 16ms (cache hit)
1717 silly packumentCache full:https://registry.npmjs.org/is-typed-array set size:79965 disposed:false
1718 silly fetch manifest isarray@^2.0.5
1719 silly packumentCache full:https://registry.npmjs.org/isarray cache-miss
1720 http fetch GET 200 https://registry.npmjs.org/is-data-view 22ms (cache hit)
1721 silly packumentCache full:https://registry.npmjs.org/is-data-view set size:13756 disposed:false
1722 silly fetch manifest dunder-proto@^1.0.1
1723 silly packumentCache full:https://registry.npmjs.org/dunder-proto cache-miss
1724 http fetch GET 200 https://registry.npmjs.org/side-channel 74ms (cache miss)
1725 silly packumentCache full:https://registry.npmjs.org/side-channel set size:undefined disposed:false
1726 silly fetch manifest for-each@^0.3.3
1727 silly packumentCache full:https://registry.npmjs.org/for-each cache-miss
1728 http fetch GET 200 https://registry.npmjs.org/functions-have-names 146ms (cache miss)
1729 silly packumentCache full:https://registry.npmjs.org/functions-have-names set size:undefined disposed:false
1730 silly fetch manifest for-each@^0.3.3
1731 silly packumentCache full:https://registry.npmjs.org/for-each cache-miss
1732 http fetch GET 200 https://registry.npmjs.org/is-date-object 159ms (cache miss)
1733 silly packumentCache full:https://registry.npmjs.org/is-date-object set size:undefined disposed:false
1734 silly fetch manifest reflect.getprototypeof@^1.0.9
1735 silly packumentCache full:https://registry.npmjs.org/reflect.getprototypeof cache-miss
1736 http fetch GET 200 https://registry.npmjs.org/dunder-proto 165ms (cache miss)
1737 silly packumentCache full:https://registry.npmjs.org/dunder-proto set size:undefined disposed:false
1738 silly fetch manifest for-each@^0.3.3
1739 silly packumentCache full:https://registry.npmjs.org/for-each cache-miss
1740 http fetch GET 200 https://registry.npmjs.org/dunder-proto 171ms (cache miss)
1741 silly packumentCache full:https://registry.npmjs.org/dunder-proto set size:undefined disposed:false
1742 silly fetch manifest possible-typed-array-names@^1.0.0
1743 silly packumentCache full:https://registry.npmjs.org/possible-typed-array-names cache-miss
1744 http fetch GET 200 https://registry.npmjs.org/dunder-proto 161ms (cache miss)
1745 silly packumentCache full:https://registry.npmjs.org/dunder-proto set size:undefined disposed:false
1746 silly fetch manifest reflect.getprototypeof@^1.0.6
1747 silly packumentCache full:https://registry.npmjs.org/reflect.getprototypeof cache-miss
1748 http fetch GET 200 https://registry.npmjs.org/is-symbol 192ms (cache miss)
1749 silly packumentCache full:https://registry.npmjs.org/is-symbol set size:undefined disposed:false
1750 silly fetch manifest has-bigints@^1.0.2
1751 silly packumentCache full:https://registry.npmjs.org/has-bigints cache-miss
1752 http fetch GET 200 https://registry.npmjs.org/isarray 181ms (cache miss)
1753 silly packumentCache full:https://registry.npmjs.org/isarray set size:undefined disposed:false
1754 silly fetch manifest which-boxed-primitive@^1.1.1
1755 silly packumentCache full:https://registry.npmjs.org/which-boxed-primitive cache-miss
1756 http fetch GET 200 https://registry.npmjs.org/possible-typed-array-names 209ms (cache miss)
1757 silly packumentCache full:https://registry.npmjs.org/possible-typed-array-names set size:undefined disposed:false
1758 silly fetch manifest for-each@^0.3.5
1759 silly packumentCache full:https://registry.npmjs.org/for-each cache-miss
1760 http fetch GET 200 https://registry.npmjs.org/set-function-name 233ms (cache miss)
1761 silly packumentCache full:https://registry.npmjs.org/set-function-name set size:undefined disposed:false
1762 http fetch GET 200 https://registry.npmjs.org/for-each 106ms (cache miss)
1763 silly packumentCache full:https://registry.npmjs.org/for-each set size:undefined disposed:false
1764 http fetch GET 200 https://registry.npmjs.org/isarray 245ms (cache miss)
1765 silly packumentCache full:https://registry.npmjs.org/isarray set size:undefined disposed:false
1766 http fetch GET 200 https://registry.npmjs.org/possible-typed-array-names 91ms (cache hit)
1767 silly packumentCache full:https://registry.npmjs.org/possible-typed-array-names set size:9167 disposed:false
1768 http fetch GET 200 https://registry.npmjs.org/for-each 193ms (cache miss)
1769 silly packumentCache full:https://registry.npmjs.org/for-each set size:undefined disposed:false
1770 http fetch GET 200 https://registry.npmjs.org/for-each 104ms (cache miss)
1771 silly packumentCache full:https://registry.npmjs.org/for-each set size:undefined disposed:false
1772 http fetch GET 200 https://registry.npmjs.org/reflect.getprototypeof 115ms (cache miss)
1773 silly packumentCache full:https://registry.npmjs.org/reflect.getprototypeof set size:undefined disposed:false
1774 http fetch GET 200 https://registry.npmjs.org/reflect.getprototypeof 95ms (cache miss)
1775 silly packumentCache full:https://registry.npmjs.org/reflect.getprototypeof set size:undefined disposed:false
1776 http fetch GET 200 https://registry.npmjs.org/for-each 74ms (cache miss)
1777 silly packumentCache full:https://registry.npmjs.org/for-each set size:undefined disposed:false
1778 http fetch GET 200 https://registry.npmjs.org/has-bigints 155ms (cache miss)
1779 silly packumentCache full:https://registry.npmjs.org/has-bigints set size:undefined disposed:false
1780 http fetch GET 200 https://registry.npmjs.org/which-boxed-primitive 313ms (cache miss)
1781 silly packumentCache full:https://registry.npmjs.org/which-boxed-primitive set size:undefined disposed:false
1782 silly placeDep ROOT possible-typed-array-names@1.1.0 OK for: available-typed-arrays@1.0.7 want: ^1.0.0
1783 silly placeDep ROOT has-tostringtag@1.0.2 OK for: es-set-tostringtag@2.1.0 want: ^1.0.2
1784 silly placeDep ROOT is-date-object@1.1.0 OK for: es-to-primitive@1.3.0 want: ^1.0.5
1785 silly placeDep ROOT is-symbol@1.1.1 OK for: es-to-primitive@1.3.0 want: ^1.0.4
1786 silly placeDep node_modules/eslint-module-utils debug@3.2.7 OK for: eslint-module-utils@2.12.1 want: ^3.2.7
1787 silly placeDep ROOT aria-query@5.3.2 OK for: eslint-plugin-jsx-a11y@6.10.2 want: ^5.3.2
1788 silly placeDep ROOT ast-types-flow@0.0.8 OK for: eslint-plugin-jsx-a11y@6.10.2 want: ^0.0.8
1789 silly placeDep ROOT axe-core@4.11.0 OK for: eslint-plugin-jsx-a11y@6.10.2 want: ^4.10.0
1790 silly placeDep ROOT axobject-query@4.1.0 OK for: eslint-plugin-jsx-a11y@6.10.2 want: ^4.1.0
1791 silly placeDep ROOT damerau-levenshtein@1.0.8 OK for: eslint-plugin-jsx-a11y@6.10.2 want: ^1.0.8
1792 silly placeDep ROOT emoji-regex@9.2.2 OK for: eslint-plugin-jsx-a11y@6.10.2 want: ^9.2.2
1793 silly placeDep ROOT jsx-ast-utils@3.3.5 OK for: eslint-plugin-jsx-a11y@6.10.2 want: ^3.3.5
1794 silly placeDep ROOT language-tags@1.0.9 OK for: eslint-plugin-jsx-a11y@6.10.2 want: ^1.0.9
1795 silly placeDep ROOT string.prototype.includes@2.0.1 OK for: eslint-plugin-jsx-a11y@6.10.2 want: ^2.0.1
1796 silly fetch manifest language-subtag-registry@^0.3.20
1797 silly packumentCache full:https://registry.npmjs.org/language-subtag-registry cache-miss
1798 http fetch GET 200 https://registry.npmjs.org/language-subtag-registry 126ms (cache miss)
1799 silly packumentCache full:https://registry.npmjs.org/language-subtag-registry set size:undefined disposed:false
1800 silly placeDep ROOT array.prototype.findlast@1.2.5 OK for: eslint-plugin-react@7.37.5 want: ^1.2.5
1801 silly placeDep ROOT array.prototype.tosorted@1.1.4 OK for: eslint-plugin-react@7.37.5 want: ^1.1.4
1802 silly placeDep ROOT es-iterator-helpers@1.2.1 OK for: eslint-plugin-react@7.37.5 want: ^1.2.1
1803 silly placeDep ROOT estraverse@5.3.0 OK for: eslint-plugin-react@7.37.5 want: ^5.3.0
1804 silly placeDep ROOT object.entries@1.1.9 OK for: eslint-plugin-react@7.37.5 want: ^1.1.9
1805 silly placeDep ROOT prop-types@15.8.1 OK for: eslint-plugin-react@7.37.5 want: ^15.8.1
1806 silly placeDep node_modules/eslint-plugin-react resolve@2.0.0-next.5 OK for: eslint-plugin-react@7.37.5 want: ^2.0.0-next.5
1807 silly placeDep node_modules/eslint-plugin-react semver@6.3.1 OK for: eslint-plugin-react@7.37.5 want: ^6.3.1
1808 silly placeDep ROOT string.prototype.matchall@4.0.12 OK for: eslint-plugin-react@7.37.5 want: ^4.0.12
1809 silly placeDep ROOT string.prototype.repeat@1.0.0 OK for: eslint-plugin-react@7.37.5 want: ^1.0.0
1810 silly fetch manifest iterator.prototype@^1.1.4
1811 silly packumentCache full:https://registry.npmjs.org/iterator.prototype cache-miss
1812 silly fetch manifest loose-envify@^1.4.0
1813 silly packumentCache full:https://registry.npmjs.org/loose-envify cache-miss
1814 silly fetch manifest object-assign@^4.1.1
1815 silly packumentCache full:https://registry.npmjs.org/object-assign cache-miss
1816 silly fetch manifest react-is@^16.13.1
1817 silly packumentCache full:https://registry.npmjs.org/react-is cache-miss
1818 http fetch GET 200 https://registry.npmjs.org/loose-envify 135ms (cache miss)
1819 silly packumentCache full:https://registry.npmjs.org/loose-envify set size:undefined disposed:false
1820 http fetch GET 200 https://registry.npmjs.org/iterator.prototype 139ms (cache miss)
1821 silly packumentCache full:https://registry.npmjs.org/iterator.prototype set size:undefined disposed:false
1822 http fetch GET 200 https://registry.npmjs.org/object-assign 149ms (cache miss)
1823 silly packumentCache full:https://registry.npmjs.org/object-assign set size:undefined disposed:false
1824 http fetch GET 200 https://registry.npmjs.org/react-is 353ms (cache miss)
1825 silly packumentCache full:https://registry.npmjs.org/react-is set size:undefined disposed:false
1826 silly placeDep ROOT iterator.prototype@1.1.5 OK for: es-iterator-helpers@1.2.1 want: ^1.1.4
1827 silly placeDep ROOT esrecurse@4.3.0 OK for: eslint-scope@8.4.0 want: ^4.3.0
1828 silly placeDep ROOT acorn@8.15.0 OK for: espree@10.4.0 want: ^8.15.0
1829 silly placeDep ROOT acorn-jsx@5.3.2 OK for: espree@10.4.0 want: ^5.3.2
1830 silly placeDep ROOT @nodelib/fs.stat@2.0.5 OK for: fast-glob@3.3.1 want: ^2.0.2
1831 silly placeDep ROOT @nodelib/fs.walk@1.2.8 OK for: fast-glob@3.3.1 want: ^1.2.3
1832 silly placeDep node_modules/fast-glob glob-parent@5.1.2 OK for: fast-glob@3.3.1 want: ^5.1.2
1833 silly placeDep ROOT merge2@1.4.1 OK for: fast-glob@3.3.1 want: ^1.3.0
1834 silly placeDep ROOT micromatch@4.0.8 OK for: fast-glob@3.3.1 want: ^4.0.4
1835 silly fetch manifest fastq@^1.6.0
1836 silly packumentCache full:https://registry.npmjs.org/fastq cache-miss
1837 silly fetch manifest @nodelib/fs.scandir@2.1.5
1838 silly packumentCache full:https://registry.npmjs.org/@nodelib%2ffs.scandir cache-miss
1839 silly fetch manifest braces@^3.0.3
1840 silly packumentCache full:https://registry.npmjs.org/braces cache-miss
1841 silly fetch manifest picomatch@^2.3.1
1842 silly packumentCache full:https://registry.npmjs.org/picomatch cache-miss
1843 http fetch GET 200 https://registry.npmjs.org/picomatch 9ms (cache hit)
1844 silly packumentCache full:https://registry.npmjs.org/picomatch set size:118818 disposed:false
1845 http fetch GET 200 https://registry.npmjs.org/fastq 88ms (cache miss)
1846 silly packumentCache full:https://registry.npmjs.org/fastq set size:undefined disposed:false
1847 http fetch GET 200 https://registry.npmjs.org/braces 123ms (cache miss)
1848 silly packumentCache full:https://registry.npmjs.org/braces set size:undefined disposed:false
1849 http fetch GET 200 https://registry.npmjs.org/@nodelib%2ffs.scandir 229ms (cache miss)
1850 silly packumentCache full:https://registry.npmjs.org/@nodelib%2ffs.scandir set size:undefined disposed:false
1851 silly placeDep ROOT @nodelib/fs.scandir@2.1.5 OK for: @nodelib/fs.walk@1.2.8 want: 2.1.5
1852 silly placeDep ROOT fastq@1.19.1 OK for: @nodelib/fs.walk@1.2.8 want: ^1.6.0
1853 silly fetch manifest run-parallel@^1.1.9
1854 silly packumentCache full:https://registry.npmjs.org/run-parallel cache-miss
1855 silly fetch manifest reusify@^1.0.4
1856 silly packumentCache full:https://registry.npmjs.org/reusify cache-miss
1857 http fetch GET 200 https://registry.npmjs.org/run-parallel 125ms (cache miss)
1858 silly packumentCache full:https://registry.npmjs.org/run-parallel set size:undefined disposed:false
1859 http fetch GET 200 https://registry.npmjs.org/reusify 278ms (cache miss)
1860 silly packumentCache full:https://registry.npmjs.org/reusify set size:undefined disposed:false
1861 silly placeDep ROOT run-parallel@1.2.0 OK for: @nodelib/fs.scandir@2.1.5 want: ^1.1.9
1862 silly fetch manifest queue-microtask@^1.2.2
1863 silly packumentCache full:https://registry.npmjs.org/queue-microtask cache-miss
1864 http fetch GET 200 https://registry.npmjs.org/queue-microtask 124ms (cache miss)
1865 silly packumentCache full:https://registry.npmjs.org/queue-microtask set size:undefined disposed:false
1866 silly placeDep ROOT reusify@1.1.0 OK for: fastq@1.19.1 want: ^1.0.4
1867 silly placeDep ROOT flat-cache@4.0.1 OK for: file-entry-cache@8.0.0 want: ^4.0.0
1868 silly fetch manifest keyv@^4.5.4
1869 silly packumentCache full:https://registry.npmjs.org/keyv cache-miss
1870 silly fetch manifest flatted@^3.2.9
1871 silly packumentCache full:https://registry.npmjs.org/flatted cache-miss
1872 http fetch GET 200 https://registry.npmjs.org/keyv 108ms (cache miss)
1873 silly packumentCache full:https://registry.npmjs.org/keyv set size:undefined disposed:false
1874 http fetch GET 200 https://registry.npmjs.org/flatted 162ms (cache miss)
1875 silly packumentCache full:https://registry.npmjs.org/flatted set size:undefined disposed:false
1876 silly placeDep ROOT locate-path@6.0.0 OK for: find-up@5.0.0 want: ^6.0.0
1877 silly placeDep ROOT path-exists@4.0.0 OK for: find-up@5.0.0 want: ^4.0.0
1878 silly fetch manifest p-locate@^5.0.0
1879 silly packumentCache full:https://registry.npmjs.org/p-locate cache-miss
1880 http fetch GET 200 https://registry.npmjs.org/p-locate 244ms (cache miss)
1881 silly packumentCache full:https://registry.npmjs.org/p-locate set size:undefined disposed:false
1882 silly placeDep ROOT flatted@3.3.3 OK for: flat-cache@4.0.1 want: ^3.2.9
1883 silly placeDep ROOT keyv@4.5.4 OK for: flat-cache@4.0.1 want: ^4.5.4
1884 silly fetch manifest json-buffer@3.0.1
1885 silly packumentCache full:https://registry.npmjs.org/json-buffer cache-miss
1886 http fetch GET 200 https://registry.npmjs.org/json-buffer 119ms (cache miss)
1887 silly packumentCache full:https://registry.npmjs.org/json-buffer set size:undefined disposed:false
1888 silly placeDep ROOT functions-have-names@1.2.3 OK for: function.prototype.name@1.1.8 want: ^1.2.3
1889 silly placeDep ROOT dunder-proto@1.0.1 OK for: get-proto@1.0.1 want: ^1.0.1
1890 silly placeDep ROOT resolve-pkg-maps@1.0.0 OK for: get-tsconfig@4.12.0 want: ^1.0.0
1891 silly placeDep ROOT parent-module@1.0.1 OK for: import-fresh@3.3.1 want: ^1.0.0
1892 silly placeDep ROOT resolve-from@4.0.0 OK for: import-fresh@3.3.1 want: ^4.0.0
1893 silly fetch manifest callsites@^3.0.0
1894 silly packumentCache full:https://registry.npmjs.org/callsites cache-miss
1895 http fetch GET 200 https://registry.npmjs.org/callsites 75ms (cache miss)
1896 silly packumentCache full:https://registry.npmjs.org/callsites set size:undefined disposed:false
1897 silly placeDep ROOT side-channel@1.1.0 OK for: internal-slot@1.1.0 want: ^1.1.0
1898 silly fetch manifest side-channel-list@^1.0.0
1899 silly packumentCache full:https://registry.npmjs.org/side-channel-list cache-miss
1900 silly fetch manifest side-channel-map@^1.0.1
1901 silly packumentCache full:https://registry.npmjs.org/side-channel-map cache-miss
1902 silly fetch manifest side-channel-weakmap@^1.0.2
1903 silly packumentCache full:https://registry.npmjs.org/side-channel-weakmap cache-miss
1904 http fetch GET 200 https://registry.npmjs.org/side-channel-list 91ms (cache miss)
1905 silly packumentCache full:https://registry.npmjs.org/side-channel-list set size:undefined disposed:false
1906 http fetch GET 200 https://registry.npmjs.org/side-channel-weakmap 98ms (cache miss)
1907 silly packumentCache full:https://registry.npmjs.org/side-channel-weakmap set size:undefined disposed:false
1908 http fetch GET 200 https://registry.npmjs.org/side-channel-map 124ms (cache miss)
1909 silly packumentCache full:https://registry.npmjs.org/side-channel-map set size:undefined disposed:false
1910 silly placeDep ROOT is-extglob@2.1.1 OK for: is-glob@4.0.3 want: ^2.1.1
1911 silly placeDep ROOT set-function-name@2.0.2 OK for: iterator.prototype@1.1.5 want: ^2.0.2
1912 silly placeDep ROOT argparse@2.0.1 OK for: js-yaml@4.1.0 want: ^2.0.1
1913 silly placeDep ROOT json-buffer@3.0.1 OK for: keyv@4.5.4 want: 3.0.1
1914 silly placeDep ROOT language-subtag-registry@0.3.23 OK for: language-tags@1.0.9 want: ^0.3.20
1915 silly placeDep ROOT prelude-ls@1.2.1 OK for: levn@0.4.1 want: ^1.2.1
1916 silly placeDep ROOT type-check@0.4.0 OK for: levn@0.4.1 want: ~0.4.0
1917 silly placeDep ROOT lightningcss-darwin-arm64@1.30.1 OK for: lightningcss@1.30.1 want: 1.30.1
1918 silly placeDep ROOT lightningcss-darwin-x64@1.30.1 OK for: lightningcss@1.30.1 want: 1.30.1
1919 silly placeDep ROOT lightningcss-freebsd-x64@1.30.1 OK for: lightningcss@1.30.1 want: 1.30.1
1920 silly placeDep ROOT lightningcss-linux-arm-gnueabihf@1.30.1 OK for: lightningcss@1.30.1 want: 1.30.1
1921 silly placeDep ROOT lightningcss-linux-arm64-gnu@1.30.1 OK for: lightningcss@1.30.1 want: 1.30.1
1922 silly placeDep ROOT lightningcss-linux-arm64-musl@1.30.1 OK for: lightningcss@1.30.1 want: 1.30.1
1923 silly placeDep ROOT lightningcss-linux-x64-gnu@1.30.1 OK for: lightningcss@1.30.1 want: 1.30.1
1924 silly placeDep ROOT lightningcss-linux-x64-musl@1.30.1 OK for: lightningcss@1.30.1 want: 1.30.1
1925 silly placeDep ROOT lightningcss-win32-arm64-msvc@1.30.1 OK for: lightningcss@1.30.1 want: 1.30.1
1926 silly placeDep ROOT lightningcss-win32-x64-msvc@1.30.1 OK for: lightningcss@1.30.1 want: 1.30.1
1927 silly placeDep ROOT p-locate@5.0.0 OK for: locate-path@6.0.0 want: ^5.0.0
1928 silly fetch manifest p-limit@^3.0.2
1929 silly packumentCache full:https://registry.npmjs.org/p-limit cache-miss
1930 http fetch GET 200 https://registry.npmjs.org/p-limit 148ms (cache miss)
1931 silly packumentCache full:https://registry.npmjs.org/p-limit set size:undefined disposed:false
1932 silly placeDep ROOT braces@3.0.3 OK for: micromatch@4.0.8 want: ^3.0.3
1933 silly placeDep ROOT picomatch@2.3.1 OK for: micromatch@4.0.8 want: ^2.3.1
1934 silly fetch manifest fill-range@^7.1.1
1935 silly packumentCache full:https://registry.npmjs.org/fill-range cache-miss
1936 http fetch GET 200 https://registry.npmjs.org/fill-range 119ms (cache miss)
1937 silly packumentCache full:https://registry.npmjs.org/fill-range set size:undefined disposed:false
1938 silly placeDep ROOT fill-range@7.1.1 OK for: braces@3.0.3 want: ^7.1.1
1939 silly fetch manifest to-regex-range@^5.0.1
1940 silly packumentCache full:https://registry.npmjs.org/to-regex-range cache-miss
1941 http fetch GET 200 https://registry.npmjs.org/to-regex-range 122ms (cache miss)
1942 silly packumentCache full:https://registry.npmjs.org/to-regex-range set size:undefined disposed:false
1943 silly placeDep ROOT to-regex-range@5.0.1 OK for: fill-range@7.1.1 want: ^5.0.1
1944 silly fetch manifest is-number@^7.0.0
1945 silly packumentCache full:https://registry.npmjs.org/is-number cache-miss
1946 http fetch GET 200 https://registry.npmjs.org/is-number 77ms (cache miss)
1947 silly packumentCache full:https://registry.npmjs.org/is-number set size:undefined disposed:false
1948 silly placeDep ROOT brace-expansion@1.1.12 OK for: minimatch@3.1.2 want: ^1.1.7
1949 silly fetch manifest balanced-match@^1.0.0
1950 silly packumentCache full:https://registry.npmjs.org/balanced-match cache-miss
1951 silly fetch manifest concat-map@0.0.1
1952 silly packumentCache full:https://registry.npmjs.org/concat-map cache-miss
1953 http fetch GET 200 https://registry.npmjs.org/concat-map 86ms (cache miss)
1954 silly packumentCache full:https://registry.npmjs.org/concat-map set size:undefined disposed:false
1955 http fetch GET 200 https://registry.npmjs.org/balanced-match 94ms (cache miss)
1956 silly packumentCache full:https://registry.npmjs.org/balanced-match set size:undefined disposed:false
1957 silly placeDep ROOT balanced-match@1.0.2 OK for: brace-expansion@1.1.12 want: ^1.0.0
1958 silly placeDep ROOT concat-map@0.0.1 OK for: brace-expansion@1.1.12 want: 0.0.1
1959 silly fetch manifest react@^18.2.0 || 19.0.0-rc-de68d2f4-20241204 || ^19.0.0
1960 silly packumentCache full:https://registry.npmjs.org/react cache-miss
1961 http fetch GET 200 https://registry.npmjs.org/react 49ms (cache hit)
1962 silly packumentCache full:https://registry.npmjs.org/react set size:6153488 disposed:false
1963 silly placeDep ROOT @next/env@15.5.4 OK for: next@15.5.4 want: 15.5.4
1964 silly placeDep ROOT @next/swc-darwin-arm64@15.5.4 OK for: next@15.5.4 want: 15.5.4
1965 silly placeDep ROOT @next/swc-darwin-x64@15.5.4 OK for: next@15.5.4 want: 15.5.4
1966 silly placeDep ROOT @next/swc-linux-arm64-gnu@15.5.4 OK for: next@15.5.4 want: 15.5.4
1967 silly placeDep ROOT @next/swc-linux-arm64-musl@15.5.4 OK for: next@15.5.4 want: 15.5.4
1968 silly placeDep ROOT @next/swc-linux-x64-gnu@15.5.4 OK for: next@15.5.4 want: 15.5.4
1969 silly placeDep ROOT @next/swc-linux-x64-musl@15.5.4 OK for: next@15.5.4 want: 15.5.4
1970 silly placeDep ROOT @next/swc-win32-arm64-msvc@15.5.4 OK for: next@15.5.4 want: 15.5.4
1971 silly placeDep ROOT @next/swc-win32-x64-msvc@15.5.4 OK for: next@15.5.4 want: 15.5.4
1972 silly placeDep ROOT @swc/helpers@0.5.15 OK for: next@15.5.4 want: 0.5.15
1973 silly placeDep ROOT caniuse-lite@1.0.30001750 OK for: next@15.5.4 want: ^1.0.30001579
1974 silly placeDep node_modules/next postcss@8.4.31 OK for: next@15.5.4 want: 8.4.31
1975 silly placeDep ROOT sharp@0.34.4 OK for: next@15.5.4 want: ^0.34.3
1976 silly placeDep ROOT styled-jsx@5.1.6 OK for: next@15.5.4 want: 5.1.6
1977 silly fetch manifest tslib@^2.8.0
1978 silly packumentCache full:https://registry.npmjs.org/tslib cache-miss
1979 silly fetch manifest nanoid@^3.3.6
1980 silly packumentCache full:https://registry.npmjs.org/nanoid cache-miss
1981 silly fetch manifest picocolors@^1.0.0
1982 silly packumentCache full:https://registry.npmjs.org/picocolors cache-miss
1983 silly fetch manifest @img/colour@^1.0.0
1984 silly packumentCache full:https://registry.npmjs.org/@img%2fcolour cache-miss
1985 silly fetch manifest @img/sharp-darwin-arm64@0.34.4
1986 silly packumentCache full:https://registry.npmjs.org/@img%2fsharp-darwin-arm64 cache-miss
1987 silly fetch manifest @img/sharp-darwin-x64@0.34.4
1988 silly packumentCache full:https://registry.npmjs.org/@img%2fsharp-darwin-x64 cache-miss
1989 silly fetch manifest @img/sharp-libvips-darwin-arm64@1.2.3
1990 silly packumentCache full:https://registry.npmjs.org/@img%2fsharp-libvips-darwin-arm64 cache-miss
1991 silly fetch manifest @img/sharp-libvips-darwin-x64@1.2.3
1992 silly packumentCache full:https://registry.npmjs.org/@img%2fsharp-libvips-darwin-x64 cache-miss
1993 silly fetch manifest @img/sharp-libvips-linux-arm@1.2.3
1994 silly packumentCache full:https://registry.npmjs.org/@img%2fsharp-libvips-linux-arm cache-miss
1995 silly fetch manifest @img/sharp-libvips-linux-arm64@1.2.3
1996 silly packumentCache full:https://registry.npmjs.org/@img%2fsharp-libvips-linux-arm64 cache-miss
1997 silly fetch manifest @img/sharp-libvips-linux-ppc64@1.2.3
1998 silly packumentCache full:https://registry.npmjs.org/@img%2fsharp-libvips-linux-ppc64 cache-miss
1999 http fetch GET 200 https://registry.npmjs.org/picocolors 38ms (cache hit)
2000 silly packumentCache full:https://registry.npmjs.org/picocolors set size:16648 disposed:false
2001 silly fetch manifest @img/sharp-libvips-linux-s390x@1.2.3
2002 silly packumentCache full:https://registry.npmjs.org/@img%2fsharp-libvips-linux-s390x cache-miss
2003 http fetch GET 200 https://registry.npmjs.org/nanoid 45ms (cache hit)
2004 silly packumentCache full:https://registry.npmjs.org/nanoid set size:298419 disposed:false
2005 silly fetch manifest @img/sharp-libvips-linux-x64@1.2.3
2006 silly packumentCache full:https://registry.npmjs.org/@img%2fsharp-libvips-linux-x64 cache-miss
2007 http fetch GET 200 https://registry.npmjs.org/@img%2fsharp-libvips-darwin-x64 73ms (cache miss)
2008 silly packumentCache full:https://registry.npmjs.org/@img%2fsharp-libvips-darwin-x64 set size:undefined disposed:false
2009 silly fetch manifest @img/sharp-libvips-linuxmusl-arm64@1.2.3
2010 silly packumentCache full:https://registry.npmjs.org/@img%2fsharp-libvips-linuxmusl-arm64 cache-miss
2011 http fetch GET 200 https://registry.npmjs.org/@img%2fsharp-darwin-x64 79ms (cache miss)
2012 silly packumentCache full:https://registry.npmjs.org/@img%2fsharp-darwin-x64 set size:undefined disposed:false
2013 silly fetch manifest @img/sharp-libvips-linuxmusl-x64@1.2.3
2014 silly packumentCache full:https://registry.npmjs.org/@img%2fsharp-libvips-linuxmusl-x64 cache-miss
2015 http fetch GET 200 https://registry.npmjs.org/@img%2fsharp-libvips-linux-arm64 84ms (cache miss)
2016 silly packumentCache full:https://registry.npmjs.org/@img%2fsharp-libvips-linux-arm64 set size:undefined disposed:false
2017 silly fetch manifest @img/sharp-linux-arm@0.34.4
2018 silly packumentCache full:https://registry.npmjs.org/@img%2fsharp-linux-arm cache-miss
2019 http fetch GET 200 https://registry.npmjs.org/@img%2fsharp-libvips-linux-arm 104ms (cache miss)
2020 silly packumentCache full:https://registry.npmjs.org/@img%2fsharp-libvips-linux-arm set size:undefined disposed:false
2021 silly fetch manifest @img/sharp-linux-arm64@0.34.4
2022 silly packumentCache full:https://registry.npmjs.org/@img%2fsharp-linux-arm64 cache-miss
2023 http fetch GET 200 https://registry.npmjs.org/@img%2fsharp-darwin-arm64 120ms (cache miss)
2024 silly packumentCache full:https://registry.npmjs.org/@img%2fsharp-darwin-arm64 set size:undefined disposed:false
2025 silly fetch manifest @img/sharp-linux-ppc64@0.34.4
2026 silly packumentCache full:https://registry.npmjs.org/@img%2fsharp-linux-ppc64 cache-miss
2027 http fetch GET 200 https://registry.npmjs.org/@img%2fsharp-libvips-linux-x64 80ms (cache miss)
2028 silly packumentCache full:https://registry.npmjs.org/@img%2fsharp-libvips-linux-x64 set size:undefined disposed:false
2029 silly fetch manifest @img/sharp-linux-s390x@0.34.4
2030 silly packumentCache full:https://registry.npmjs.org/@img%2fsharp-linux-s390x cache-miss
2031 http fetch GET 200 https://registry.npmjs.org/@img%2fsharp-libvips-darwin-arm64 127ms (cache miss)
2032 silly packumentCache full:https://registry.npmjs.org/@img%2fsharp-libvips-darwin-arm64 set size:undefined disposed:false
2033 silly fetch manifest @img/sharp-linux-x64@0.34.4
2034 silly packumentCache full:https://registry.npmjs.org/@img%2fsharp-linux-x64 cache-miss
2035 http fetch GET 200 https://registry.npmjs.org/tslib 173ms (cache miss)
2036 silly packumentCache full:https://registry.npmjs.org/tslib set size:undefined disposed:false
2037 silly fetch manifest @img/sharp-linuxmusl-arm64@0.34.4
2038 silly packumentCache full:https://registry.npmjs.org/@img%2fsharp-linuxmusl-arm64 cache-miss
2039 http fetch GET 200 https://registry.npmjs.org/@img%2fsharp-linux-arm 81ms (cache miss)
2040 silly packumentCache full:https://registry.npmjs.org/@img%2fsharp-linux-arm set size:undefined disposed:false
2041 silly fetch manifest @img/sharp-linuxmusl-x64@0.34.4
2042 silly packumentCache full:https://registry.npmjs.org/@img%2fsharp-linuxmusl-x64 cache-miss
2043 http fetch GET 200 https://registry.npmjs.org/@img%2fsharp-linux-arm64 113ms (cache miss)
2044 silly packumentCache full:https://registry.npmjs.org/@img%2fsharp-linux-arm64 set size:undefined disposed:false
2045 silly fetch manifest @img/sharp-wasm32@0.34.4
2046 silly packumentCache full:https://registry.npmjs.org/@img%2fsharp-wasm32 cache-miss
2047 http fetch GET 200 https://registry.npmjs.org/@img%2fsharp-libvips-linux-ppc64 222ms (cache miss)
2048 silly packumentCache full:https://registry.npmjs.org/@img%2fsharp-libvips-linux-ppc64 set size:undefined disposed:false
2049 silly fetch manifest @img/sharp-win32-arm64@0.34.4
2050 silly packumentCache full:https://registry.npmjs.org/@img%2fsharp-win32-arm64 cache-miss
2051 http fetch GET 200 https://registry.npmjs.org/@img%2fsharp-linux-x64 106ms (cache miss)
2052 silly packumentCache full:https://registry.npmjs.org/@img%2fsharp-linux-x64 set size:undefined disposed:false
2053 silly fetch manifest @img/sharp-win32-ia32@0.34.4
2054 silly packumentCache full:https://registry.npmjs.org/@img%2fsharp-win32-ia32 cache-miss
2055 http fetch GET 200 https://registry.npmjs.org/@img%2fsharp-libvips-linux-s390x 223ms (cache miss)
2056 silly packumentCache full:https://registry.npmjs.org/@img%2fsharp-libvips-linux-s390x set size:undefined disposed:false
2057 silly fetch manifest @img/sharp-win32-x64@0.34.4
2058 silly packumentCache full:https://registry.npmjs.org/@img%2fsharp-win32-x64 cache-miss
2059 http fetch GET 200 https://registry.npmjs.org/@img%2fcolour 282ms (cache miss)
2060 silly packumentCache full:https://registry.npmjs.org/@img%2fcolour set size:undefined disposed:false
2061 silly fetch manifest client-only@0.0.1
2062 silly packumentCache full:https://registry.npmjs.org/client-only cache-miss
2063 http fetch GET 200 https://registry.npmjs.org/@img%2fsharp-libvips-linuxmusl-arm64 217ms (cache miss)
2064 silly packumentCache full:https://registry.npmjs.org/@img%2fsharp-libvips-linuxmusl-arm64 set size:undefined disposed:false
2065 http fetch GET 200 https://registry.npmjs.org/@img%2fsharp-libvips-linuxmusl-x64 254ms (cache miss)
2066 silly packumentCache full:https://registry.npmjs.org/@img%2fsharp-libvips-linuxmusl-x64 set size:undefined disposed:false
2067 http fetch GET 200 https://registry.npmjs.org/@img%2fsharp-linux-ppc64 246ms (cache miss)
2068 silly packumentCache full:https://registry.npmjs.org/@img%2fsharp-linux-ppc64 set size:undefined disposed:false
2069 http fetch GET 200 https://registry.npmjs.org/@img%2fsharp-win32-x64 107ms (cache miss)
2070 silly packumentCache full:https://registry.npmjs.org/@img%2fsharp-win32-x64 set size:undefined disposed:false
2071 http fetch GET 200 https://registry.npmjs.org/@img%2fsharp-linux-s390x 246ms (cache miss)
2072 silly packumentCache full:https://registry.npmjs.org/@img%2fsharp-linux-s390x set size:undefined disposed:false
2073 http fetch GET 200 https://registry.npmjs.org/client-only 95ms (cache miss)
2074 silly packumentCache full:https://registry.npmjs.org/client-only set size:undefined disposed:false
2075 http fetch GET 200 https://registry.npmjs.org/@img%2fsharp-linuxmusl-x64 224ms (cache miss)
2076 silly packumentCache full:https://registry.npmjs.org/@img%2fsharp-linuxmusl-x64 set size:undefined disposed:false
2077 http fetch GET 200 https://registry.npmjs.org/@img%2fsharp-linuxmusl-arm64 274ms (cache miss)
2078 silly packumentCache full:https://registry.npmjs.org/@img%2fsharp-linuxmusl-arm64 set size:undefined disposed:false
2079 http fetch GET 200 https://registry.npmjs.org/@img%2fsharp-win32-arm64 223ms (cache miss)
2080 silly packumentCache full:https://registry.npmjs.org/@img%2fsharp-win32-arm64 set size:undefined disposed:false
2081 http fetch GET 200 https://registry.npmjs.org/@img%2fsharp-wasm32 258ms (cache miss)
2082 silly packumentCache full:https://registry.npmjs.org/@img%2fsharp-wasm32 set size:undefined disposed:false
2083 http fetch GET 200 https://registry.npmjs.org/@img%2fsharp-win32-ia32 246ms (cache miss)
2084 silly packumentCache full:https://registry.npmjs.org/@img%2fsharp-win32-ia32 set size:undefined disposed:false
2085 silly placeDep ROOT tslib@2.8.1 OK for: @swc/helpers@0.5.15 want: ^2.8.0
2086 silly placeDep ROOT deep-is@0.1.4 OK for: optionator@0.9.4 want: ^0.1.3
2087 silly placeDep ROOT fast-levenshtein@2.0.6 OK for: optionator@0.9.4 want: ^2.0.6
2088 silly placeDep ROOT word-wrap@1.2.5 OK for: optionator@0.9.4 want: ^1.2.5
2089 silly placeDep ROOT p-limit@3.1.0 OK for: p-locate@5.0.0 want: ^3.0.2
2090 silly fetch manifest yocto-queue@^0.1.0
2091 silly packumentCache full:https://registry.npmjs.org/yocto-queue cache-miss
2092 http fetch GET 200 https://registry.npmjs.org/yocto-queue 118ms (cache miss)
2093 silly packumentCache full:https://registry.npmjs.org/yocto-queue set size:undefined disposed:false
2094 silly placeDep ROOT yocto-queue@0.1.0 OK for: p-limit@3.1.0 want: ^0.1.0
2095 silly placeDep ROOT callsites@3.1.0 OK for: parent-module@1.0.1 want: ^3.0.0
2096 silly placeDep ROOT nanoid@3.3.11 OK for: postcss@8.5.6 want: ^3.3.11
2097 silly placeDep ROOT picocolors@1.1.1 OK for: postcss@8.5.6 want: ^1.1.1
2098 silly placeDep ROOT loose-envify@1.4.0 OK for: prop-types@15.8.1 want: ^1.4.0
2099 silly placeDep ROOT object-assign@4.1.1 OK for: prop-types@15.8.1 want: ^4.1.1
2100 silly placeDep ROOT react-is@16.13.1 OK for: prop-types@15.8.1 want: ^16.13.1
2101 silly fetch manifest js-tokens@^3.0.0 || ^4.0.0
2102 silly packumentCache full:https://registry.npmjs.org/js-tokens cache-miss
2103 http fetch GET 200 https://registry.npmjs.org/js-tokens 75ms (cache miss)
2104 silly packumentCache full:https://registry.npmjs.org/js-tokens set size:undefined disposed:false
2105 silly placeDep ROOT js-tokens@4.0.0 OK for: loose-envify@1.4.0 want: ^3.0.0 || ^4.0.0
2106 silly placeDep ROOT scheduler@0.26.0 OK for: react-dom@19.1.0 want: ^0.26.0
2107 silly placeDep ROOT path-parse@1.0.7 OK for: resolve@1.22.10 want: ^1.0.7
2108 silly placeDep ROOT supports-preserve-symlinks-flag@1.0.0 OK for: resolve@1.22.10 want: ^1.0.0
2109 silly placeDep ROOT queue-microtask@1.2.3 OK for: run-parallel@1.2.0 want: ^1.2.2
2110 silly placeDep ROOT isarray@2.0.5 OK for: safe-array-concat@1.1.3 want: ^2.0.5
2111 silly placeDep ROOT @img/colour@1.0.0 OK for: sharp@0.34.4 want: ^1.0.0
2112 silly placeDep ROOT @img/sharp-darwin-arm64@0.34.4 OK for: sharp@0.34.4 want: 0.34.4
2113 silly placeDep ROOT @img/sharp-darwin-x64@0.34.4 OK for: sharp@0.34.4 want: 0.34.4
2114 silly placeDep ROOT @img/sharp-libvips-darwin-arm64@1.2.3 OK for: sharp@0.34.4 want: 1.2.3
2115 silly placeDep ROOT @img/sharp-libvips-darwin-x64@1.2.3 OK for: sharp@0.34.4 want: 1.2.3
2116 silly placeDep ROOT @img/sharp-libvips-linux-arm@1.2.3 OK for: sharp@0.34.4 want: 1.2.3
2117 silly placeDep ROOT @img/sharp-libvips-linux-arm64@1.2.3 OK for: sharp@0.34.4 want: 1.2.3
2118 silly placeDep ROOT @img/sharp-libvips-linux-ppc64@1.2.3 OK for: sharp@0.34.4 want: 1.2.3
2119 silly placeDep ROOT @img/sharp-libvips-linux-s390x@1.2.3 OK for: sharp@0.34.4 want: 1.2.3
2120 silly placeDep ROOT @img/sharp-libvips-linux-x64@1.2.3 OK for: sharp@0.34.4 want: 1.2.3
2121 silly placeDep ROOT @img/sharp-libvips-linuxmusl-arm64@1.2.3 OK for: sharp@0.34.4 want: 1.2.3
2122 silly placeDep ROOT @img/sharp-libvips-linuxmusl-x64@1.2.3 OK for: sharp@0.34.4 want: 1.2.3
2123 silly placeDep ROOT @img/sharp-linux-arm@0.34.4 OK for: sharp@0.34.4 want: 0.34.4
2124 silly placeDep ROOT @img/sharp-linux-arm64@0.34.4 OK for: sharp@0.34.4 want: 0.34.4
2125 silly placeDep ROOT @img/sharp-linux-ppc64@0.34.4 OK for: sharp@0.34.4 want: 0.34.4
2126 silly placeDep ROOT @img/sharp-linux-s390x@0.34.4 OK for: sharp@0.34.4 want: 0.34.4
2127 silly placeDep ROOT @img/sharp-linux-x64@0.34.4 OK for: sharp@0.34.4 want: 0.34.4
2128 silly placeDep ROOT @img/sharp-linuxmusl-arm64@0.34.4 OK for: sharp@0.34.4 want: 0.34.4
2129 silly placeDep ROOT @img/sharp-linuxmusl-x64@0.34.4 OK for: sharp@0.34.4 want: 0.34.4
2130 silly placeDep ROOT @img/sharp-wasm32@0.34.4 OK for: sharp@0.34.4 want: 0.34.4
2131 silly placeDep ROOT @img/sharp-win32-arm64@0.34.4 OK for: sharp@0.34.4 want: 0.34.4
2132 silly placeDep ROOT @img/sharp-win32-ia32@0.34.4 OK for: sharp@0.34.4 want: 0.34.4
2133 silly placeDep ROOT @img/sharp-win32-x64@0.34.4 OK for: sharp@0.34.4 want: 0.34.4
2134 silly fetch manifest @emnapi/runtime@^1.5.0
2135 silly packumentCache full:https://registry.npmjs.org/@emnapi%2fruntime cache-miss
2136 http fetch GET 200 https://registry.npmjs.org/@emnapi%2fruntime 347ms (cache miss)
2137 silly packumentCache full:https://registry.npmjs.org/@emnapi%2fruntime set size:undefined disposed:false
2138 silly placeDep ROOT @emnapi/runtime@1.5.0 OK for: @img/sharp-wasm32@0.34.4 want: ^1.5.0
2139 silly placeDep ROOT shebang-regex@3.0.0 OK for: shebang-command@2.0.0 want: ^3.0.0
2140 silly placeDep ROOT side-channel-list@1.0.0 OK for: side-channel@1.1.0 want: ^1.0.0
2141 silly placeDep ROOT side-channel-map@1.0.1 OK for: side-channel@1.1.0 want: ^1.0.1
2142 silly placeDep ROOT side-channel-weakmap@1.0.2 OK for: side-channel@1.1.0 want: ^1.0.2
2143 silly placeDep ROOT client-only@0.0.1 OK for: styled-jsx@5.1.6 want: 0.0.1
2144 silly placeDep ROOT has-flag@4.0.0 OK for: supports-color@7.2.0 want: ^4.0.0
2145 silly placeDep ROOT @isaacs/fs-minipass@4.0.1 OK for: tar@7.5.1 want: ^4.0.0
2146 silly placeDep ROOT chownr@3.0.0 OK for: tar@7.5.1 want: ^3.0.0
2147 silly placeDep ROOT minipass@7.1.2 OK for: tar@7.5.1 want: ^7.1.2
2148 silly placeDep ROOT minizlib@3.1.0 OK for: tar@7.5.1 want: ^3.1.0
2149 silly placeDep ROOT yallist@5.0.0 OK for: tar@7.5.1 want: ^5.0.0
2150 silly fetch manifest minipass@^7.0.4
2151 silly packumentCache full:https://registry.npmjs.org/minipass cache-miss
2152 http fetch GET 200 https://registry.npmjs.org/minipass 12ms (cache hit)
2153 silly packumentCache full:https://registry.npmjs.org/minipass set size:490195 disposed:false
2154 silly placeDep node_modules/tinyglobby fdir@6.5.0 OK for: tinyglobby@0.2.15 want: ^6.5.0
2155 silly placeDep node_modules/tinyglobby picomatch@4.0.3 OK for: fdir@6.5.0 want: ^3 || ^4
2156 silly placeDep ROOT is-number@7.0.0 OK for: to-regex-range@5.0.1 want: ^7.0.0
2157 silly placeDep ROOT @types/json5@0.0.29 OK for: tsconfig-paths@3.15.0 want: ^0.0.29
2158 silly placeDep ROOT json5@1.0.2 OK for: tsconfig-paths@3.15.0 want: ^1.0.2
2159 silly placeDep ROOT minimist@1.2.8 OK for: tsconfig-paths@3.15.0 want: ^1.2.6
2160 silly placeDep ROOT strip-bom@3.0.0 OK for: tsconfig-paths@3.15.0 want: ^3.0.0
2161 silly fetch manifest minimist@^1.2.0
2162 silly packumentCache full:https://registry.npmjs.org/minimist cache-miss
2163 http fetch GET 200 https://registry.npmjs.org/minimist 9ms (cache hit)
2164 silly packumentCache full:https://registry.npmjs.org/minimist set size:77097 disposed:false
2165 silly placeDep ROOT for-each@0.3.5 OK for: typed-array-byte-length@1.0.3 want: ^0.3.3
2166 silly placeDep ROOT reflect.getprototypeof@1.0.10 OK for: typed-array-byte-offset@1.0.4 want: ^1.0.9
2167 silly fetch manifest which-builtin-type@^1.2.1
2168 silly packumentCache full:https://registry.npmjs.org/which-builtin-type cache-miss
2169 http fetch GET 200 https://registry.npmjs.org/which-builtin-type 126ms (cache miss)
2170 silly packumentCache full:https://registry.npmjs.org/which-builtin-type set size:undefined disposed:false
2171 silly placeDep ROOT which-builtin-type@1.2.1 OK for: reflect.getprototypeof@1.0.10 want: ^1.2.1
2172 silly fetch manifest is-async-function@^2.0.0
2173 silly packumentCache full:https://registry.npmjs.org/is-async-function cache-miss
2174 silly fetch manifest is-finalizationregistry@^1.1.0
2175 silly packumentCache full:https://registry.npmjs.org/is-finalizationregistry cache-miss
2176 silly fetch manifest is-generator-function@^1.0.10
2177 silly packumentCache full:https://registry.npmjs.org/is-generator-function cache-miss
2178 silly fetch manifest which-boxed-primitive@^1.1.0
2179 silly packumentCache full:https://registry.npmjs.org/which-boxed-primitive cache-miss
2180 silly fetch manifest which-collection@^1.0.2
2181 silly packumentCache full:https://registry.npmjs.org/which-collection cache-miss
2182 http fetch GET 200 https://registry.npmjs.org/which-boxed-primitive 18ms (cache hit)
2183 silly packumentCache full:https://registry.npmjs.org/which-boxed-primitive set size:19407 disposed:false
2184 http fetch GET 200 https://registry.npmjs.org/which-collection 98ms (cache miss)
2185 silly packumentCache full:https://registry.npmjs.org/which-collection set size:undefined disposed:false
2186 http fetch GET 200 https://registry.npmjs.org/is-generator-function 104ms (cache miss)
2187 silly packumentCache full:https://registry.npmjs.org/is-generator-function set size:undefined disposed:false
2188 http fetch GET 200 https://registry.npmjs.org/is-async-function 137ms (cache miss)
2189 silly packumentCache full:https://registry.npmjs.org/is-async-function set size:undefined disposed:false
2190 http fetch GET 200 https://registry.npmjs.org/is-finalizationregistry 145ms (cache miss)
2191 silly packumentCache full:https://registry.npmjs.org/is-finalizationregistry set size:undefined disposed:false
2192 silly placeDep ROOT has-bigints@1.1.0 OK for: unbox-primitive@1.1.0 want: ^1.0.2
2193 silly placeDep ROOT which-boxed-primitive@1.1.1 OK for: unbox-primitive@1.1.0 want: ^1.1.1
2194 silly fetch manifest is-bigint@^1.1.0
2195 silly packumentCache full:https://registry.npmjs.org/is-bigint cache-miss
2196 silly fetch manifest is-boolean-object@^1.2.1
2197 silly packumentCache full:https://registry.npmjs.org/is-boolean-object cache-miss
2198 silly fetch manifest is-number-object@^1.1.1
2199 silly packumentCache full:https://registry.npmjs.org/is-number-object cache-miss
2200 http fetch GET 200 https://registry.npmjs.org/is-number-object 82ms (cache miss)
2201 silly packumentCache full:https://registry.npmjs.org/is-number-object set size:undefined disposed:false
2202 http fetch GET 200 https://registry.npmjs.org/is-boolean-object 101ms (cache miss)
2203 silly packumentCache full:https://registry.npmjs.org/is-boolean-object set size:undefined disposed:false
2204 http fetch GET 200 https://registry.npmjs.org/is-bigint 128ms (cache miss)
2205 silly packumentCache full:https://registry.npmjs.org/is-bigint set size:undefined disposed:false
2206 silly placeDep ROOT @unrs/resolver-binding-android-arm-eabi@1.11.1 OK for: unrs-resolver@1.11.1 want: 1.11.1
2207 silly placeDep ROOT @unrs/resolver-binding-android-arm64@1.11.1 OK for: unrs-resolver@1.11.1 want: 1.11.1
2208 silly placeDep ROOT @unrs/resolver-binding-darwin-arm64@1.11.1 OK for: unrs-resolver@1.11.1 want: 1.11.1
2209 silly placeDep ROOT @unrs/resolver-binding-darwin-x64@1.11.1 OK for: unrs-resolver@1.11.1 want: 1.11.1
2210 silly placeDep ROOT @unrs/resolver-binding-freebsd-x64@1.11.1 OK for: unrs-resolver@1.11.1 want: 1.11.1
2211 silly placeDep ROOT @unrs/resolver-binding-linux-arm-gnueabihf@1.11.1 OK for: unrs-resolver@1.11.1 want: 1.11.1
2212 silly placeDep ROOT @unrs/resolver-binding-linux-arm-musleabihf@1.11.1 OK for: unrs-resolver@1.11.1 want: 1.11.1
2213 silly placeDep ROOT @unrs/resolver-binding-linux-arm64-gnu@1.11.1 OK for: unrs-resolver@1.11.1 want: 1.11.1
2214 silly placeDep ROOT @unrs/resolver-binding-linux-arm64-musl@1.11.1 OK for: unrs-resolver@1.11.1 want: 1.11.1
2215 silly placeDep ROOT @unrs/resolver-binding-linux-ppc64-gnu@1.11.1 OK for: unrs-resolver@1.11.1 want: 1.11.1
2216 silly placeDep ROOT @unrs/resolver-binding-linux-riscv64-gnu@1.11.1 OK for: unrs-resolver@1.11.1 want: 1.11.1
2217 silly placeDep ROOT @unrs/resolver-binding-linux-riscv64-musl@1.11.1 OK for: unrs-resolver@1.11.1 want: 1.11.1
2218 silly placeDep ROOT @unrs/resolver-binding-linux-s390x-gnu@1.11.1 OK for: unrs-resolver@1.11.1 want: 1.11.1
2219 silly placeDep ROOT @unrs/resolver-binding-linux-x64-gnu@1.11.1 OK for: unrs-resolver@1.11.1 want: 1.11.1
2220 silly placeDep ROOT @unrs/resolver-binding-linux-x64-musl@1.11.1 OK for: unrs-resolver@1.11.1 want: 1.11.1
2221 silly placeDep ROOT @unrs/resolver-binding-wasm32-wasi@1.11.1 OK for: unrs-resolver@1.11.1 want: 1.11.1
2222 silly placeDep ROOT @unrs/resolver-binding-win32-arm64-msvc@1.11.1 OK for: unrs-resolver@1.11.1 want: 1.11.1
2223 silly placeDep ROOT @unrs/resolver-binding-win32-ia32-msvc@1.11.1 OK for: unrs-resolver@1.11.1 want: 1.11.1
2224 silly placeDep ROOT @unrs/resolver-binding-win32-x64-msvc@1.11.1 OK for: unrs-resolver@1.11.1 want: 1.11.1
2225 silly placeDep ROOT napi-postinstall@0.3.4 OK for: unrs-resolver@1.11.1 want: ^0.3.0
2226 silly fetch manifest @napi-rs/wasm-runtime@^0.2.11
2227 silly packumentCache full:https://registry.npmjs.org/@napi-rs%2fwasm-runtime cache-miss
2228 http fetch GET 200 https://registry.npmjs.org/@napi-rs%2fwasm-runtime 262ms (cache miss)
2229 silly packumentCache full:https://registry.npmjs.org/@napi-rs%2fwasm-runtime set size:undefined disposed:false
2230 silly placeDep ROOT @napi-rs/wasm-runtime@0.2.12 OK for: @unrs/resolver-binding-wasm32-wasi@1.11.1 want: ^0.2.11
2231 silly fetch manifest @emnapi/core@^1.4.3
2232 silly packumentCache full:https://registry.npmjs.org/@emnapi%2fcore cache-miss
2233 silly fetch manifest @tybys/wasm-util@^0.10.0
2234 silly packumentCache full:https://registry.npmjs.org/@tybys%2fwasm-util cache-miss
2235 http fetch GET 200 https://registry.npmjs.org/@emnapi%2fcore 257ms (cache miss)
2236 silly packumentCache full:https://registry.npmjs.org/@emnapi%2fcore set size:undefined disposed:false
2237 http fetch GET 200 https://registry.npmjs.org/@tybys%2fwasm-util 270ms (cache miss)
2238 silly packumentCache full:https://registry.npmjs.org/@tybys%2fwasm-util set size:undefined disposed:false
2239 silly placeDep ROOT @emnapi/core@1.5.0 OK for: @napi-rs/wasm-runtime@0.2.12 want: ^1.4.3
2240 silly placeDep ROOT @tybys/wasm-util@0.10.1 OK for: @napi-rs/wasm-runtime@0.2.12 want: ^0.10.0
2241 silly fetch manifest @emnapi/wasi-threads@1.1.0
2242 silly packumentCache full:https://registry.npmjs.org/@emnapi%2fwasi-threads cache-miss
2243 http fetch GET 200 https://registry.npmjs.org/@emnapi%2fwasi-threads 289ms (cache miss)
2244 silly packumentCache full:https://registry.npmjs.org/@emnapi%2fwasi-threads set size:undefined disposed:false
2245 silly placeDep ROOT @emnapi/wasi-threads@1.1.0 OK for: @emnapi/core@1.5.0 want: 1.1.0
2246 silly placeDep ROOT punycode@2.3.1 OK for: uri-js@4.4.1 want: ^2.1.0
2247 silly placeDep ROOT isexe@2.0.0 OK for: which@2.0.2 want: ^2.0.0
2248 silly placeDep ROOT is-bigint@1.1.0 OK for: which-boxed-primitive@1.1.1 want: ^1.1.0
2249 silly placeDep ROOT is-boolean-object@1.2.2 OK for: which-boxed-primitive@1.1.1 want: ^1.2.1
2250 silly placeDep ROOT is-number-object@1.1.1 OK for: which-boxed-primitive@1.1.1 want: ^1.1.1
2251 silly placeDep ROOT is-async-function@2.1.1 OK for: which-builtin-type@1.2.1 want: ^2.0.0
2252 silly placeDep ROOT is-finalizationregistry@1.1.1 OK for: which-builtin-type@1.2.1 want: ^1.1.0
2253 silly placeDep ROOT is-generator-function@1.1.2 OK for: which-builtin-type@1.2.1 want: ^1.0.10
2254 silly placeDep ROOT which-collection@1.0.2 OK for: which-builtin-type@1.2.1 want: ^1.0.2
2255 silly fetch manifest async-function@^1.0.0
2256 silly packumentCache full:https://registry.npmjs.org/async-function cache-miss
2257 silly fetch manifest generator-function@^2.0.0
2258 silly packumentCache full:https://registry.npmjs.org/generator-function cache-miss
2259 silly fetch manifest is-map@^2.0.3
2260 silly packumentCache full:https://registry.npmjs.org/is-map cache-miss
2261 silly fetch manifest is-weakmap@^2.0.2
2262 silly packumentCache full:https://registry.npmjs.org/is-weakmap cache-miss
2263 silly fetch manifest is-weakset@^2.0.3
2264 silly packumentCache full:https://registry.npmjs.org/is-weakset cache-miss
2265 http fetch GET 200 https://registry.npmjs.org/async-function 94ms (cache miss)
2266 silly packumentCache full:https://registry.npmjs.org/async-function set size:undefined disposed:false
2267 http fetch GET 200 https://registry.npmjs.org/is-weakset 91ms (cache miss)
2268 silly packumentCache full:https://registry.npmjs.org/is-weakset set size:undefined disposed:false
2269 http fetch GET 200 https://registry.npmjs.org/is-weakmap 138ms (cache miss)
2270 silly packumentCache full:https://registry.npmjs.org/is-weakmap set size:undefined disposed:false
2271 http fetch GET 200 https://registry.npmjs.org/is-map 173ms (cache miss)
2272 silly packumentCache full:https://registry.npmjs.org/is-map set size:undefined disposed:false
2273 http fetch GET 200 https://registry.npmjs.org/generator-function 178ms (cache miss)
2274 silly packumentCache full:https://registry.npmjs.org/generator-function set size:undefined disposed:false
2275 silly placeDep ROOT async-function@1.0.0 OK for: is-async-function@2.1.1 want: ^1.0.0
2276 silly placeDep ROOT generator-function@2.0.1 OK for: is-generator-function@1.1.2 want: ^2.0.0
2277 silly placeDep ROOT is-map@2.0.3 OK for: which-collection@1.0.2 want: ^2.0.3
2278 silly placeDep ROOT is-weakmap@2.0.2 OK for: which-collection@1.0.2 want: ^2.0.2
2279 silly placeDep ROOT is-weakset@2.0.4 OK for: which-collection@1.0.2 want: ^2.0.3
2280 silly placeDep node_modules/@typescript-eslint/typescript-estree glob-parent@5.1.2 OK for: fast-glob@3.3.3 want: ^5.1.2
2281 silly placeDep node_modules/@typescript-eslint/typescript-estree brace-expansion@2.0.2 OK for: minimatch@9.0.5 want: ^2.0.1
2282 silly reify moves {}
2283 verbose reify failed optional dependency /home/orta/Documentos/GitHub/Calculadora de IVAs e ISRs/node_modules/@tailwindcss/oxide-wasm32-wasi
2284 silly reify mark deleted [
2284 silly reify   '/home/orta/Documentos/GitHub/Calculadora de IVAs e ISRs/node_modules/@tailwindcss/oxide-wasm32-wasi'
2284 silly reify ]
2285 silly audit bulk request {
2285 silly audit   '@eslint/eslintrc': [ '3.3.1' ],
2285 silly audit   '@tailwindcss/postcss': [ '4.1.14' ],
2285 silly audit   '@types/node': [ '20.19.21' ],
2285 silly audit   '@types/react': [ '19.2.2' ],
2285 silly audit   '@types/react-dom': [ '19.2.1' ],
2285 silly audit   eslint: [ '9.37.0' ],
2285 silly audit   'eslint-config-next': [ '15.5.4' ],
2285 silly audit   next: [ '15.5.4' ],
2285 silly audit   react: [ '19.1.0' ],
2285 silly audit   'react-dom': [ '19.1.0' ],
2285 silly audit   tailwindcss: [ '4.1.14' ],
2285 silly audit   typescript: [ '5.9.3' ],
2285 silly audit   ajv: [ '6.12.6' ],
2285 silly audit   debug: [ '4.4.3', '3.2.7' ],
2285 silly audit   espree: [ '10.4.0' ],
2285 silly audit   globals: [ '14.0.0' ],
2285 silly audit   ignore: [ '5.3.2', '7.0.5' ],
2285 silly audit   'import-fresh': [ '3.3.1' ],
2285 silly audit   'js-yaml': [ '4.1.0' ],
2285 silly audit   minimatch: [ '3.1.2', '9.0.5' ],
2285 silly audit   'strip-json-comments': [ '3.1.1' ],
2285 silly audit   '@alloc/quick-lru': [ '5.2.0' ],
2285 silly audit   '@tailwindcss/node': [ '4.1.14' ],
2285 silly audit   '@tailwindcss/oxide': [ '4.1.14' ],
2285 silly audit   postcss: [ '8.5.6', '8.4.31' ],
2285 silly audit   '@jridgewell/remapping': [ '2.3.5' ],
2285 silly audit   'enhanced-resolve': [ '5.18.3' ],
2285 silly audit   jiti: [ '2.6.1' ],
2285 silly audit   lightningcss: [ '1.30.1' ],
2285 silly audit   'magic-string': [ '0.30.19' ],
2285 silly audit   'source-map-js': [ '1.2.1' ],
2285 silly audit   '@jridgewell/gen-mapping': [ '0.3.13' ],
2285 silly audit   '@jridgewell/trace-mapping': [ '0.3.31' ],
2285 silly audit   '@jridgewell/sourcemap-codec': [ '1.5.5' ],
2285 silly audit   '@jridgewell/resolve-uri': [ '3.1.2' ],
2285 silly audit   '@tailwindcss/oxide-android-arm64': [ '4.1.14' ],
2285 silly audit   '@tailwindcss/oxide-darwin-arm64': [ '4.1.14' ],
2285 silly audit   '@tailwindcss/oxide-darwin-x64': [ '4.1.14' ],
2285 silly audit   '@tailwindcss/oxide-freebsd-x64': [ '4.1.14' ],
2285 silly audit   '@tailwindcss/oxide-linux-arm-gnueabihf': [ '4.1.14' ],
2285 silly audit   '@tailwindcss/oxide-linux-arm64-gnu': [ '4.1.14' ],
2285 silly audit   '@tailwindcss/oxide-linux-arm64-musl': [ '4.1.14' ],
2285 silly audit   '@tailwindcss/oxide-linux-x64-gnu': [ '4.1.14' ],
2285 silly audit   '@tailwindcss/oxide-linux-x64-musl': [ '4.1.14' ],
2285 silly audit   '@tailwindcss/oxide-win32-arm64-msvc': [ '4.1.14' ],
2285 silly audit   '@tailwindcss/oxide-win32-x64-msvc': [ '4.1.14' ],
2285 silly audit   'detect-libc': [ '2.1.2' ],
2285 silly audit   tar: [ '7.5.1' ],
2285 silly audit   'undici-types': [ '6.21.0' ],
2285 silly audit   csstype: [ '3.1.3' ],
2285 silly audit   'fast-deep-equal': [ '3.1.3' ],
2285 silly audit   'fast-json-stable-stringify': [ '2.1.0' ],
2285 silly audit   'json-schema-traverse': [ '0.4.1' ],
2285 silly audit   'uri-js': [ '4.4.1' ],
2285 silly audit   ms: [ '2.1.3' ],
2285 silly audit   'graceful-fs': [ '4.2.11' ],
2285 silly audit   tapable: [ '2.3.0' ],
2285 silly audit   '@eslint-community/eslint-utils': [ '4.9.0' ],
2285 silly audit   '@eslint-community/regexpp': [ '4.12.1' ],
2285 silly audit   '@eslint/config-array': [ '0.21.0' ],
2285 silly audit   '@eslint/config-helpers': [ '0.4.0' ],
2285 silly audit   '@eslint/core': [ '0.16.0' ],
2285 silly audit   '@eslint/js': [ '9.37.0' ],
2285 silly audit   '@eslint/plugin-kit': [ '0.4.0' ],
2285 silly audit   '@humanfs/node': [ '0.16.7' ],
2285 silly audit   '@humanwhocodes/module-importer': [ '1.0.1' ],
2285 silly audit   '@humanwhocodes/retry': [ '0.4.3' ],
2285 silly audit   '@types/estree': [ '1.0.8' ],
2285 silly audit   '@types/json-schema': [ '7.0.15' ],
2285 silly audit   chalk: [ '4.1.2' ],
2285 silly audit   'cross-spawn': [ '7.0.6' ],
2285 silly audit   'escape-string-regexp': [ '4.0.0' ],
2285 silly audit   'eslint-scope': [ '8.4.0' ],
2285 silly audit   'eslint-visitor-keys': [ '4.2.1', '3.4.3' ],
2285 silly audit   esquery: [ '1.6.0' ],
2285 silly audit   esutils: [ '2.0.3' ],
2285 silly audit   'file-entry-cache': [ '8.0.0' ],
2285 silly audit   'find-up': [ '5.0.0' ],
2285 silly audit   'glob-parent': [ '6.0.2', '5.1.2' ],
2285 silly audit   imurmurhash: [ '0.1.4' ],
2285 silly audit   'is-glob': [ '4.0.3' ],
2285 silly audit   'json-stable-stringify-without-jsonify': [ '1.0.1' ],
2285 silly audit   'lodash.merge': [ '4.6.2' ],
2285 silly audit   'natural-compare': [ '1.4.0' ],
2285 silly audit   optionator: [ '0.9.4' ],
2285 silly audit   '@eslint/object-schema': [ '2.1.6' ],
2285 silly audit   levn: [ '0.4.1' ],
2285 silly audit   '@humanfs/core': [ '0.19.1' ],
2285 silly audit   'ansi-styles': [ '4.3.0' ],
2285 silly audit   'supports-color': [ '7.2.0' ],
2285 silly audit   'color-convert': [ '2.0.1' ],
2285 silly audit   'color-name': [ '1.1.4' ],
2285 silly audit   'path-key': [ '3.1.1' ],
2285 silly audit   'shebang-command': [ '2.0.0' ],
2285 silly audit   which: [ '2.0.2' ],
2285 silly audit   '@next/eslint-plugin-next': [ '15.5.4' ],
2285 silly audit   '@rushstack/eslint-patch': [ '1.13.0' ],
2285 silly audit   '@typescript-eslint/eslint-plugin': [ '8.46.0' ],
2285 silly audit   '@typescript-eslint/parser': [ '8.46.0' ],
2285 silly audit   'eslint-import-resolver-node': [ '0.3.9' ],
2285 silly audit   'eslint-import-resolver-typescript': [ '3.10.1' ],
2285 silly audit   'eslint-plugin-import': [ '2.32.0' ],
2285 silly audit   'eslint-plugin-jsx-a11y': [ '6.10.2' ],
2285 silly audit   'eslint-plugin-react': [ '7.37.5' ],
2285 silly audit   'eslint-plugin-react-hooks': [ '5.2.0' ],
2285 silly audit   'fast-glob': [ '3.3.1', '3.3.3' ],
2285 silly audit   '@typescript-eslint/scope-manager': [ '8.46.0' ],
2285 silly audit   '@typescript-eslint/type-utils': [ '8.46.0' ],
2285 silly audit   '@typescript-eslint/utils': [ '8.46.0' ],
2285 silly audit   '@typescript-eslint/visitor-keys': [ '8.46.0' ],
2285 silly audit   graphemer: [ '1.4.0' ],
2285 silly audit   'ts-api-utils': [ '2.1.0' ],
2285 silly audit   '@typescript-eslint/types': [ '8.46.0' ],
2285 silly audit   '@typescript-eslint/typescript-estree': [ '8.46.0' ],
2285 silly audit   '@typescript-eslint/project-service': [ '8.46.0' ],
2285 silly audit   '@typescript-eslint/tsconfig-utils': [ '8.46.0' ],
2285 silly audit   semver: [ '7.7.3', '6.3.1' ],
2285 silly audit   'is-core-module': [ '2.16.1' ],
2285 silly audit   resolve: [ '1.22.10', '2.0.0-next.5' ],
2285 silly audit   '@nolyfill/is-core-module': [ '1.0.39' ],
2285 silly audit   'get-tsconfig': [ '4.12.0' ],
2285 silly audit   'is-bun-module': [ '2.0.0' ],
2285 silly audit   'stable-hash': [ '0.0.5' ],
2285 silly audit   tinyglobby: [ '0.2.15' ],
2285 silly audit   'unrs-resolver': [ '1.11.1' ],
2285 silly audit   '@rtsao/scc': [ '1.1.0' ],
2285 silly audit   'array-includes': [ '3.1.9' ],
2285 silly audit   'array.prototype.findlastindex': [ '1.2.6' ],
2285 silly audit   'array.prototype.flat': [ '1.3.3' ],
2285 silly audit   'array.prototype.flatmap': [ '1.3.3' ],
2285 silly audit   doctrine: [ '2.1.0' ],
2285 silly audit   'eslint-module-utils': [ '2.12.1' ],
2285 silly audit   hasown: [ '2.0.2' ],
2285 silly audit   'object.fromentries': [ '2.0.8' ],
2285 silly audit   'object.groupby': [ '1.0.3' ],
2285 silly audit   'object.values': [ '1.2.1' ],
2285 silly audit   'string.prototype.trimend': [ '1.0.9' ],
2285 silly audit   'tsconfig-paths': [ '3.15.0' ],
2285 silly audit   'call-bind': [ '1.0.8' ],
2285 silly audit   'call-bound': [ '1.0.4' ],
2285 silly audit   'define-properties': [ '1.2.1' ],
2285 silly audit   'es-abstract': [ '1.24.0' ],
2285 silly audit   'es-object-atoms': [ '1.1.1' ],
2285 silly audit   'get-intrinsic': [ '1.3.0' ],
2285 silly audit   'is-string': [ '1.1.1' ],
2285 silly audit   'math-intrinsics': [ '1.1.0' ],
2285 silly audit   'es-errors': [ '1.3.0' ],
2285 silly audit   'es-shim-unscopables': [ '1.1.0' ],
2285 silly audit   'call-bind-apply-helpers': [ '1.0.2' ],
2285 silly audit   'es-define-property': [ '1.0.1' ],
2285 silly audit   'set-function-length': [ '1.2.2' ],
2285 silly audit   'function-bind': [ '1.1.2' ],
2285 silly audit   'define-data-property': [ '1.1.4' ],
2285 silly audit   'has-property-descriptors': [ '1.0.2' ],
2285 silly audit   'object-keys': [ '1.1.1' ],
2285 silly audit   gopd: [ '1.2.0' ],
2285 silly audit   'array-buffer-byte-length': [ '1.0.2' ],
2285 silly audit   'arraybuffer.prototype.slice': [ '1.0.4' ],
2285 silly audit   'available-typed-arrays': [ '1.0.7' ],
2285 silly audit   'data-view-buffer': [ '1.0.2' ],
2285 silly audit   'data-view-byte-length': [ '1.0.2' ],
2285 silly audit   'data-view-byte-offset': [ '1.0.1' ],
2285 silly audit   'es-set-tostringtag': [ '2.1.0' ],
2285 silly audit   'es-to-primitive': [ '1.3.0' ],
2285 silly audit   'function.prototype.name': [ '1.1.8' ],
2285 silly audit   'get-proto': [ '1.0.1' ],
2285 silly audit   'get-symbol-description': [ '1.1.0' ],
2285 silly audit   globalthis: [ '1.0.4' ],
2285 silly audit   'has-proto': [ '1.2.0' ],
2285 silly audit   'has-symbols': [ '1.1.0' ],
2285 silly audit   'internal-slot': [ '1.1.0' ],
2285 silly audit   'is-array-buffer': [ '3.0.5' ],
2285 silly audit   'is-callable': [ '1.2.7' ],
2285 silly audit   'is-data-view': [ '1.0.2' ],
2285 silly audit   'is-negative-zero': [ '2.0.3' ],
2285 silly audit   'is-regex': [ '1.2.1' ],
2285 silly audit   'is-set': [ '2.0.3' ],
2285 silly audit   'is-shared-array-buffer': [ '1.0.4' ],
2285 silly audit   'is-typed-array': [ '1.1.15' ],
2285 silly audit   'is-weakref': [ '1.1.1' ],
2285 silly audit   'object-inspect': [ '1.13.4' ],
2285 silly audit   'object.assign': [ '4.1.7' ],
2285 silly audit   'own-keys': [ '1.0.1' ],
2285 silly audit   'regexp.prototype.flags': [ '1.5.4' ],
2285 silly audit   'safe-array-concat': [ '1.1.3' ],
2285 silly audit   'safe-push-apply': [ '1.0.0' ],
2285 silly audit   'safe-regex-test': [ '1.1.0' ],
2285 silly audit   'set-proto': [ '1.0.0' ],
2285 silly audit   'stop-iteration-iterator': [ '1.1.0' ],
2285 silly audit   'string.prototype.trim': [ '1.2.10' ],
2285 silly audit   'string.prototype.trimstart': [ '1.0.8' ],
2285 silly audit   'typed-array-buffer': [ '1.0.3' ],
2285 silly audit   'typed-array-byte-length': [ '1.0.3' ],
2285 silly audit   'typed-array-byte-offset': [ '1.0.4' ],
2285 silly audit   'typed-array-length': [ '1.0.7' ],
2285 silly audit   'unbox-primitive': [ '1.1.0' ],
2285 silly audit   'which-typed-array': [ '1.1.19' ],
2285 silly audit   'possible-typed-array-names': [ '1.1.0' ],
2285 silly audit   'has-tostringtag': [ '1.0.2' ],
2285 silly audit   'is-date-object': [ '1.1.0' ],
2285 silly audit   'is-symbol': [ '1.1.1' ],
2285 silly audit   'aria-query': [ '5.3.2' ],
2285 silly audit   'ast-types-flow': [ '0.0.8' ],
2285 silly audit   'axe-core': [ '4.11.0' ],
2285 silly audit   'axobject-query': [ '4.1.0' ],
2285 silly audit   'damerau-levenshtein': [ '1.0.8' ],
2285 silly audit   'emoji-regex': [ '9.2.2' ],
2285 silly audit   'jsx-ast-utils': [ '3.3.5' ],
2285 silly audit   'language-tags': [ '1.0.9' ],
2285 silly audit   'string.prototype.includes': [ '2.0.1' ],
2285 silly audit   'array.prototype.findlast': [ '1.2.5' ],
2285 silly audit   'array.prototype.tosorted': [ '1.1.4' ],
2285 silly audit   'es-iterator-helpers': [ '1.2.1' ],
2285 silly audit   estraverse: [ '5.3.0' ],
2285 silly audit   'object.entries': [ '1.1.9' ],
2285 silly audit   'prop-types': [ '15.8.1' ],
2285 silly audit   'string.prototype.matchall': [ '4.0.12' ],
2285 silly audit   'string.prototype.repeat': [ '1.0.0' ],
2285 silly audit   'iterator.prototype': [ '1.1.5' ],
2285 silly audit   esrecurse: [ '4.3.0' ],
2285 silly audit   acorn: [ '8.15.0' ],
2285 silly audit   'acorn-jsx': [ '5.3.2' ],
2285 silly audit   '@nodelib/fs.stat': [ '2.0.5' ],
2285 silly audit   '@nodelib/fs.walk': [ '1.2.8' ],
2285 silly audit   merge2: [ '1.4.1' ],
2285 silly audit   micromatch: [ '4.0.8' ],
2285 silly audit   '@nodelib/fs.scandir': [ '2.1.5' ],
2285 silly audit   fastq: [ '1.19.1' ],
2285 silly audit   'run-parallel': [ '1.2.0' ],
2285 silly audit   reusify: [ '1.1.0' ],
2285 silly audit   'flat-cache': [ '4.0.1' ],
2285 silly audit   'locate-path': [ '6.0.0' ],
2285 silly audit   'path-exists': [ '4.0.0' ],
2285 silly audit   flatted: [ '3.3.3' ],
2285 silly audit   keyv: [ '4.5.4' ],
2285 silly audit   'functions-have-names': [ '1.2.3' ],
2285 silly audit   'dunder-proto': [ '1.0.1' ],
2285 silly audit   'resolve-pkg-maps': [ '1.0.0' ],
2285 silly audit   'parent-module': [ '1.0.1' ],
2285 silly audit   'resolve-from': [ '4.0.0' ],
2285 silly audit   'side-channel': [ '1.1.0' ],
2285 silly audit   'is-extglob': [ '2.1.1' ],
2285 silly audit   'set-function-name': [ '2.0.2' ],
2285 silly audit   argparse: [ '2.0.1' ],
2285 silly audit   'json-buffer': [ '3.0.1' ],
2285 silly audit   'language-subtag-registry': [ '0.3.23' ],
2285 silly audit   'prelude-ls': [ '1.2.1' ],
2285 silly audit   'type-check': [ '0.4.0' ],
2285 silly audit   'lightningcss-darwin-arm64': [ '1.30.1' ],
2285 silly audit   'lightningcss-darwin-x64': [ '1.30.1' ],
2285 silly audit   'lightningcss-freebsd-x64': [ '1.30.1' ],
2285 silly audit   'lightningcss-linux-arm-gnueabihf': [ '1.30.1' ],
2285 silly audit   'lightningcss-linux-arm64-gnu': [ '1.30.1' ],
2285 silly audit   'lightningcss-linux-arm64-musl': [ '1.30.1' ],
2285 silly audit   'lightningcss-linux-x64-gnu': [ '1.30.1' ],
2285 silly audit   'lightningcss-linux-x64-musl': [ '1.30.1' ],
2285 silly audit   'lightningcss-win32-arm64-msvc': [ '1.30.1' ],
2285 silly audit   'lightningcss-win32-x64-msvc': [ '1.30.1' ],
2285 silly audit   'p-locate': [ '5.0.0' ],
2285 silly audit   braces: [ '3.0.3' ],
2285 silly audit   picomatch: [ '2.3.1', '4.0.3' ],
2285 silly audit   'fill-range': [ '7.1.1' ],
2285 silly audit   'to-regex-range': [ '5.0.1' ],
2285 silly audit   'brace-expansion': [ '1.1.12', '2.0.2' ],
2285 silly audit   'balanced-match': [ '1.0.2' ],
2285 silly audit   'concat-map': [ '0.0.1' ],
2285 silly audit   '@next/env': [ '15.5.4' ],
2285 silly audit   '@next/swc-darwin-arm64': [ '15.5.4' ],
2285 silly audit   '@next/swc-darwin-x64': [ '15.5.4' ],
2285 silly audit   '@next/swc-linux-arm64-gnu': [ '15.5.4' ],
2285 silly audit   '@next/swc-linux-arm64-musl': [ '15.5.4' ],
2285 silly audit   '@next/swc-linux-x64-gnu': [ '15.5.4' ],
2285 silly audit   '@next/swc-linux-x64-musl': [ '15.5.4' ],
2285 silly audit   '@next/swc-win32-arm64-msvc': [ '15.5.4' ],
2285 silly audit   '@next/swc-win32-x64-msvc': [ '15.5.4' ],
2285 silly audit   '@swc/helpers': [ '0.5.15' ],
2285 silly audit   'caniuse-lite': [ '1.0.30001750' ],
2285 silly audit   sharp: [ '0.34.4' ],
2285 silly audit   'styled-jsx': [ '5.1.6' ],
2285 silly audit   tslib: [ '2.8.1' ],
2285 silly audit   'deep-is': [ '0.1.4' ],
2285 silly audit   'fast-levenshtein': [ '2.0.6' ],
2285 silly audit   'word-wrap': [ '1.2.5' ],
2285 silly audit   'p-limit': [ '3.1.0' ],
2285 silly audit   'yocto-queue': [ '0.1.0' ],
2285 silly audit   callsites: [ '3.1.0' ],
2285 silly audit   nanoid: [ '3.3.11' ],
2285 silly audit   picocolors: [ '1.1.1' ],
2285 silly audit   'loose-envify': [ '1.4.0' ],
2285 silly audit   'object-assign': [ '4.1.1' ],
2285 silly audit   'react-is': [ '16.13.1' ],
2285 silly audit   'js-tokens': [ '4.0.0' ],
2285 silly audit   scheduler: [ '0.26.0' ],
2285 silly audit   'path-parse': [ '1.0.7' ],
2285 silly audit   'supports-preserve-symlinks-flag': [ '1.0.0' ],
2285 silly audit   'queue-microtask': [ '1.2.3' ],
2285 silly audit   isarray: [ '2.0.5' ],
2285 silly audit   '@img/colour': [ '1.0.0' ],
2285 silly audit   '@img/sharp-darwin-arm64': [ '0.34.4' ],
2285 silly audit   '@img/sharp-darwin-x64': [ '0.34.4' ],
2285 silly audit   '@img/sharp-libvips-darwin-arm64': [ '1.2.3' ],
2285 silly audit   '@img/sharp-libvips-darwin-x64': [ '1.2.3' ],
2285 silly audit   '@img/sharp-libvips-linux-arm': [ '1.2.3' ],
2285 silly audit   '@img/sharp-libvips-linux-arm64': [ '1.2.3' ],
2285 silly audit   '@img/sharp-libvips-linux-ppc64': [ '1.2.3' ],
2285 silly audit   '@img/sharp-libvips-linux-s390x': [ '1.2.3' ],
2285 silly audit   '@img/sharp-libvips-linux-x64': [ '1.2.3' ],
2285 silly audit   '@img/sharp-libvips-linuxmusl-arm64': [ '1.2.3' ],
2285 silly audit   '@img/sharp-libvips-linuxmusl-x64': [ '1.2.3' ],
2285 silly audit   '@img/sharp-linux-arm': [ '0.34.4' ],
2285 silly audit   '@img/sharp-linux-arm64': [ '0.34.4' ],
2285 silly audit   '@img/sharp-linux-ppc64': [ '0.34.4' ],
2285 silly audit   '@img/sharp-linux-s390x': [ '0.34.4' ],
2285 silly audit   '@img/sharp-linux-x64': [ '0.34.4' ],
2285 silly audit   '@img/sharp-linuxmusl-arm64': [ '0.34.4' ],
2285 silly audit   '@img/sharp-linuxmusl-x64': [ '0.34.4' ],
2285 silly audit   '@img/sharp-wasm32': [ '0.34.4' ],
2285 silly audit   '@img/sharp-win32-arm64': [ '0.34.4' ],
2285 silly audit   '@img/sharp-win32-ia32': [ '0.34.4' ],
2285 silly audit   '@img/sharp-win32-x64': [ '0.34.4' ],
2285 silly audit   '@emnapi/runtime': [ '1.5.0' ],
2285 silly audit   'shebang-regex': [ '3.0.0' ],
2285 silly audit   'side-channel-list': [ '1.0.0' ],
2285 silly audit   'side-channel-map': [ '1.0.1' ],
2285 silly audit   'side-channel-weakmap': [ '1.0.2' ],
2285 silly audit   'client-only': [ '0.0.1' ],
2285 silly audit   'has-flag': [ '4.0.0' ],
2285 silly audit   '@isaacs/fs-minipass': [ '4.0.1' ],
2285 silly audit   chownr: [ '3.0.0' ],
2285 silly audit   minipass: [ '7.1.2' ],
2285 silly audit   minizlib: [ '3.1.0' ],
2285 silly audit   yallist: [ '5.0.0' ],
2285 silly audit   fdir: [ '6.5.0' ],
2285 silly audit   'is-number': [ '7.0.0' ],
2285 silly audit   '@types/json5': [ '0.0.29' ],
2285 silly audit   json5: [ '1.0.2' ],
2285 silly audit   minimist: [ '1.2.8' ],
2285 silly audit   'strip-bom': [ '3.0.0' ],
2285 silly audit   'for-each': [ '0.3.5' ],
2285 silly audit   'reflect.getprototypeof': [ '1.0.10' ],
2285 silly audit   'which-builtin-type': [ '1.2.1' ],
2285 silly audit   'has-bigints': [ '1.1.0' ],
2285 silly audit   'which-boxed-primitive': [ '1.1.1' ],
2285 silly audit   '@unrs/resolver-binding-android-arm-eabi': [ '1.11.1' ],
2285 silly audit   '@unrs/resolver-binding-android-arm64': [ '1.11.1' ],
2285 silly audit   '@unrs/resolver-binding-darwin-arm64': [ '1.11.1' ],
2285 silly audit   '@unrs/resolver-binding-darwin-x64': [ '1.11.1' ],
2285 silly audit   '@unrs/resolver-binding-freebsd-x64': [ '1.11.1' ],
2285 silly audit   '@unrs/resolver-binding-linux-arm-gnueabihf': [ '1.11.1' ],
2285 silly audit   '@unrs/resolver-binding-linux-arm-musleabihf': [ '1.11.1' ],
2285 silly audit   '@unrs/resolver-binding-linux-arm64-gnu': [ '1.11.1' ],
2285 silly audit   '@unrs/resolver-binding-linux-arm64-musl': [ '1.11.1' ],
2285 silly audit   '@unrs/resolver-binding-linux-ppc64-gnu': [ '1.11.1' ],
2285 silly audit   '@unrs/resolver-binding-linux-riscv64-gnu': [ '1.11.1' ],
2285 silly audit   '@unrs/resolver-binding-linux-riscv64-musl': [ '1.11.1' ],
2285 silly audit   '@unrs/resolver-binding-linux-s390x-gnu': [ '1.11.1' ],
2285 silly audit   '@unrs/resolver-binding-linux-x64-gnu': [ '1.11.1' ],
2285 silly audit   '@unrs/resolver-binding-linux-x64-musl': [ '1.11.1' ],
2285 silly audit   '@unrs/resolver-binding-wasm32-wasi': [ '1.11.1' ],
2285 silly audit   '@unrs/resolver-binding-win32-arm64-msvc': [ '1.11.1' ],
2285 silly audit   '@unrs/resolver-binding-win32-ia32-msvc': [ '1.11.1' ],
2285 silly audit   '@unrs/resolver-binding-win32-x64-msvc': [ '1.11.1' ],
2285 silly audit   'napi-postinstall': [ '0.3.4' ],
2285 silly audit   '@napi-rs/wasm-runtime': [ '0.2.12' ],
2285 silly audit   '@emnapi/core': [ '1.5.0' ],
2285 silly audit   '@tybys/wasm-util': [ '0.10.1' ],
2285 silly audit   '@emnapi/wasi-threads': [ '1.1.0' ],
2285 silly audit   punycode: [ '2.3.1' ],
2285 silly audit   isexe: [ '2.0.0' ],
2285 silly audit   'is-bigint': [ '1.1.0' ],
2285 silly audit   'is-boolean-object': [ '1.2.2' ],
2285 silly audit   'is-number-object': [ '1.1.1' ],
2285 silly audit   'is-async-function': [ '2.1.1' ],
2285 silly audit   'is-finalizationregistry': [ '1.1.1' ],
2285 silly audit   'is-generator-function': [ '1.1.2' ],
2285 silly audit   'which-collection': [ '1.0.2' ],
2285 silly audit   'async-function': [ '1.0.0' ],
2285 silly audit   'generator-function': [ '2.0.1' ],
2285 silly audit   'is-map': [ '2.0.3' ],
2285 silly audit   'is-weakmap': [ '2.0.2' ],
2285 silly audit   'is-weakset': [ '2.0.4' ],
2285 silly audit   '@tailwindcss/oxide-wasm32-wasi': [ '4.1.14' ]
2285 silly audit }
2286 verbose reify failed optional dependency /home/orta/Documentos/GitHub/Calculadora de IVAs e ISRs/node_modules/@unrs/resolver-binding-win32-x64-msvc
2287 silly reify mark deleted [
2287 silly reify   '/home/orta/Documentos/GitHub/Calculadora de IVAs e ISRs/node_modules/@unrs/resolver-binding-win32-x64-msvc'
2287 silly reify ]
2288 verbose reify failed optional dependency /home/orta/Documentos/GitHub/Calculadora de IVAs e ISRs/node_modules/@unrs/resolver-binding-win32-ia32-msvc
2289 silly reify mark deleted [
2289 silly reify   '/home/orta/Documentos/GitHub/Calculadora de IVAs e ISRs/node_modules/@unrs/resolver-binding-win32-ia32-msvc'
2289 silly reify ]
2290 verbose reify failed optional dependency /home/orta/Documentos/GitHub/Calculadora de IVAs e ISRs/node_modules/@unrs/resolver-binding-win32-arm64-msvc
2291 silly reify mark deleted [
2291 silly reify   '/home/orta/Documentos/GitHub/Calculadora de IVAs e ISRs/node_modules/@unrs/resolver-binding-win32-arm64-msvc'
2291 silly reify ]
2292 verbose reify failed optional dependency /home/orta/Documentos/GitHub/Calculadora de IVAs e ISRs/node_modules/@unrs/resolver-binding-wasm32-wasi
2293 silly reify mark deleted [
2293 silly reify   '/home/orta/Documentos/GitHub/Calculadora de IVAs e ISRs/node_modules/@unrs/resolver-binding-wasm32-wasi'
2293 silly reify ]
2294 verbose reify failed optional dependency /home/orta/Documentos/GitHub/Calculadora de IVAs e ISRs/node_modules/@unrs/resolver-binding-linux-x64-musl
2295 silly reify mark deleted [
2295 silly reify   '/home/orta/Documentos/GitHub/Calculadora de IVAs e ISRs/node_modules/@unrs/resolver-binding-linux-x64-musl'
2295 silly reify ]
2296 verbose reify failed optional dependency /home/orta/Documentos/GitHub/Calculadora de IVAs e ISRs/node_modules/@unrs/resolver-binding-linux-s390x-gnu
2297 silly reify mark deleted [
2297 silly reify   '/home/orta/Documentos/GitHub/Calculadora de IVAs e ISRs/node_modules/@unrs/resolver-binding-linux-s390x-gnu'
2297 silly reify ]
2298 verbose reify failed optional dependency /home/orta/Documentos/GitHub/Calculadora de IVAs e ISRs/node_modules/@unrs/resolver-binding-linux-riscv64-musl
2299 silly reify mark deleted [
2299 silly reify   '/home/orta/Documentos/GitHub/Calculadora de IVAs e ISRs/node_modules/@unrs/resolver-binding-linux-riscv64-musl'
2299 silly reify ]
2300 verbose reify failed optional dependency /home/orta/Documentos/GitHub/Calculadora de IVAs e ISRs/node_modules/@unrs/resolver-binding-linux-riscv64-gnu
2301 silly reify mark deleted [
2301 silly reify   '/home/orta/Documentos/GitHub/Calculadora de IVAs e ISRs/node_modules/@unrs/resolver-binding-linux-riscv64-gnu'
2301 silly reify ]
2302 verbose reify failed optional dependency /home/orta/Documentos/GitHub/Calculadora de IVAs e ISRs/node_modules/@unrs/resolver-binding-linux-ppc64-gnu
2303 silly reify mark deleted [
2303 silly reify   '/home/orta/Documentos/GitHub/Calculadora de IVAs e ISRs/node_modules/@unrs/resolver-binding-linux-ppc64-gnu'
2303 silly reify ]
2304 verbose reify failed optional dependency /home/orta/Documentos/GitHub/Calculadora de IVAs e ISRs/node_modules/@unrs/resolver-binding-linux-arm64-musl
2305 silly reify mark deleted [
2305 silly reify   '/home/orta/Documentos/GitHub/Calculadora de IVAs e ISRs/node_modules/@unrs/resolver-binding-linux-arm64-musl'
2305 silly reify ]
2306 verbose reify failed optional dependency /home/orta/Documentos/GitHub/Calculadora de IVAs e ISRs/node_modules/@unrs/resolver-binding-linux-arm64-gnu
2307 silly reify mark deleted [
2307 silly reify   '/home/orta/Documentos/GitHub/Calculadora de IVAs e ISRs/node_modules/@unrs/resolver-binding-linux-arm64-gnu'
2307 silly reify ]
2308 verbose reify failed optional dependency /home/orta/Documentos/GitHub/Calculadora de IVAs e ISRs/node_modules/@unrs/resolver-binding-linux-arm-musleabihf
2309 silly reify mark deleted [
2309 silly reify   '/home/orta/Documentos/GitHub/Calculadora de IVAs e ISRs/node_modules/@unrs/resolver-binding-linux-arm-musleabihf'
2309 silly reify ]
2310 verbose reify failed optional dependency /home/orta/Documentos/GitHub/Calculadora de IVAs e ISRs/node_modules/@unrs/resolver-binding-linux-arm-gnueabihf
2311 silly reify mark deleted [
2311 silly reify   '/home/orta/Documentos/GitHub/Calculadora de IVAs e ISRs/node_modules/@unrs/resolver-binding-linux-arm-gnueabihf'
2311 silly reify ]
2312 verbose reify failed optional dependency /home/orta/Documentos/GitHub/Calculadora de IVAs e ISRs/node_modules/@unrs/resolver-binding-freebsd-x64
2313 silly reify mark deleted [
2313 silly reify   '/home/orta/Documentos/GitHub/Calculadora de IVAs e ISRs/node_modules/@unrs/resolver-binding-freebsd-x64'
2313 silly reify ]
2314 verbose reify failed optional dependency /home/orta/Documentos/GitHub/Calculadora de IVAs e ISRs/node_modules/@unrs/resolver-binding-darwin-x64
2315 silly reify mark deleted [
2315 silly reify   '/home/orta/Documentos/GitHub/Calculadora de IVAs e ISRs/node_modules/@unrs/resolver-binding-darwin-x64'
2315 silly reify ]
2316 verbose reify failed optional dependency /home/orta/Documentos/GitHub/Calculadora de IVAs e ISRs/node_modules/@unrs/resolver-binding-darwin-arm64
2317 silly reify mark deleted [
2317 silly reify   '/home/orta/Documentos/GitHub/Calculadora de IVAs e ISRs/node_modules/@unrs/resolver-binding-darwin-arm64'
2317 silly reify ]
2318 verbose reify failed optional dependency /home/orta/Documentos/GitHub/Calculadora de IVAs e ISRs/node_modules/@unrs/resolver-binding-android-arm64
2319 silly reify mark deleted [
2319 silly reify   '/home/orta/Documentos/GitHub/Calculadora de IVAs e ISRs/node_modules/@unrs/resolver-binding-android-arm64'
2319 silly reify ]
2320 verbose reify failed optional dependency /home/orta/Documentos/GitHub/Calculadora de IVAs e ISRs/node_modules/@unrs/resolver-binding-android-arm-eabi
2321 silly reify mark deleted [
2321 silly reify   '/home/orta/Documentos/GitHub/Calculadora de IVAs e ISRs/node_modules/@unrs/resolver-binding-android-arm-eabi'
2321 silly reify ]
2322 verbose reify failed optional dependency /home/orta/Documentos/GitHub/Calculadora de IVAs e ISRs/node_modules/@img/sharp-win32-x64
2323 silly reify mark deleted [
2323 silly reify   '/home/orta/Documentos/GitHub/Calculadora de IVAs e ISRs/node_modules/@img/sharp-win32-x64'
2323 silly reify ]
2324 verbose reify failed optional dependency /home/orta/Documentos/GitHub/Calculadora de IVAs e ISRs/node_modules/@img/sharp-win32-ia32
2325 silly reify mark deleted [
2325 silly reify   '/home/orta/Documentos/GitHub/Calculadora de IVAs e ISRs/node_modules/@img/sharp-win32-ia32'
2325 silly reify ]
2326 verbose reify failed optional dependency /home/orta/Documentos/GitHub/Calculadora de IVAs e ISRs/node_modules/@img/sharp-win32-arm64
2327 silly reify mark deleted [
2327 silly reify   '/home/orta/Documentos/GitHub/Calculadora de IVAs e ISRs/node_modules/@img/sharp-win32-arm64'
2327 silly reify ]
2328 verbose reify failed optional dependency /home/orta/Documentos/GitHub/Calculadora de IVAs e ISRs/node_modules/@img/sharp-wasm32
2329 silly reify mark deleted [
2329 silly reify   '/home/orta/Documentos/GitHub/Calculadora de IVAs e ISRs/node_modules/@img/sharp-wasm32'
2329 silly reify ]
2330 verbose reify failed optional dependency /home/orta/Documentos/GitHub/Calculadora de IVAs e ISRs/node_modules/@img/sharp-linuxmusl-x64
2331 silly reify mark deleted [
2331 silly reify   '/home/orta/Documentos/GitHub/Calculadora de IVAs e ISRs/node_modules/@img/sharp-linuxmusl-x64'
2331 silly reify ]
2332 verbose reify failed optional dependency /home/orta/Documentos/GitHub/Calculadora de IVAs e ISRs/node_modules/@img/sharp-linuxmusl-arm64
2333 silly reify mark deleted [
2333 silly reify   '/home/orta/Documentos/GitHub/Calculadora de IVAs e ISRs/node_modules/@img/sharp-linuxmusl-arm64'
2333 silly reify ]
2334 verbose reify failed optional dependency /home/orta/Documentos/GitHub/Calculadora de IVAs e ISRs/node_modules/@img/sharp-linux-s390x
2335 silly reify mark deleted [
2335 silly reify   '/home/orta/Documentos/GitHub/Calculadora de IVAs e ISRs/node_modules/@img/sharp-linux-s390x'
2335 silly reify ]
2336 verbose reify failed optional dependency /home/orta/Documentos/GitHub/Calculadora de IVAs e ISRs/node_modules/@img/sharp-linux-ppc64
2337 silly reify mark deleted [
2337 silly reify   '/home/orta/Documentos/GitHub/Calculadora de IVAs e ISRs/node_modules/@img/sharp-linux-ppc64'
2337 silly reify ]
2338 verbose reify failed optional dependency /home/orta/Documentos/GitHub/Calculadora de IVAs e ISRs/node_modules/@img/sharp-linux-arm64
2339 silly reify mark deleted [
2339 silly reify   '/home/orta/Documentos/GitHub/Calculadora de IVAs e ISRs/node_modules/@img/sharp-linux-arm64'
2339 silly reify ]
2340 verbose reify failed optional dependency /home/orta/Documentos/GitHub/Calculadora de IVAs e ISRs/node_modules/@img/sharp-linux-arm
2341 silly reify mark deleted [
2341 silly reify   '/home/orta/Documentos/GitHub/Calculadora de IVAs e ISRs/node_modules/@img/sharp-linux-arm'
2341 silly reify ]
2342 verbose reify failed optional dependency /home/orta/Documentos/GitHub/Calculadora de IVAs e ISRs/node_modules/@img/sharp-libvips-linuxmusl-x64
2343 silly reify mark deleted [
2343 silly reify   '/home/orta/Documentos/GitHub/Calculadora de IVAs e ISRs/node_modules/@img/sharp-libvips-linuxmusl-x64'
2343 silly reify ]
2344 verbose reify failed optional dependency /home/orta/Documentos/GitHub/Calculadora de IVAs e ISRs/node_modules/@img/sharp-libvips-linuxmusl-arm64
2345 silly reify mark deleted [
2345 silly reify   '/home/orta/Documentos/GitHub/Calculadora de IVAs e ISRs/node_modules/@img/sharp-libvips-linuxmusl-arm64'
2345 silly reify ]
2346 verbose reify failed optional dependency /home/orta/Documentos/GitHub/Calculadora de IVAs e ISRs/node_modules/@img/sharp-libvips-linux-s390x
2347 silly reify mark deleted [
2347 silly reify   '/home/orta/Documentos/GitHub/Calculadora de IVAs e ISRs/node_modules/@img/sharp-libvips-linux-s390x'
2347 silly reify ]
2348 verbose reify failed optional dependency /home/orta/Documentos/GitHub/Calculadora de IVAs e ISRs/node_modules/@img/sharp-libvips-linux-ppc64
2349 silly reify mark deleted [
2349 silly reify   '/home/orta/Documentos/GitHub/Calculadora de IVAs e ISRs/node_modules/@img/sharp-libvips-linux-ppc64'
2349 silly reify ]
2350 verbose reify failed optional dependency /home/orta/Documentos/GitHub/Calculadora de IVAs e ISRs/node_modules/@img/sharp-libvips-linux-arm64
2351 silly reify mark deleted [
2351 silly reify   '/home/orta/Documentos/GitHub/Calculadora de IVAs e ISRs/node_modules/@img/sharp-libvips-linux-arm64'
2351 silly reify ]
2352 verbose reify failed optional dependency /home/orta/Documentos/GitHub/Calculadora de IVAs e ISRs/node_modules/@img/sharp-libvips-linux-arm
2353 silly reify mark deleted [
2353 silly reify   '/home/orta/Documentos/GitHub/Calculadora de IVAs e ISRs/node_modules/@img/sharp-libvips-linux-arm'
2353 silly reify ]
2354 verbose reify failed optional dependency /home/orta/Documentos/GitHub/Calculadora de IVAs e ISRs/node_modules/@img/sharp-libvips-darwin-x64
2355 silly reify mark deleted [
2355 silly reify   '/home/orta/Documentos/GitHub/Calculadora de IVAs e ISRs/node_modules/@img/sharp-libvips-darwin-x64'
2355 silly reify ]
2356 verbose reify failed optional dependency /home/orta/Documentos/GitHub/Calculadora de IVAs e ISRs/node_modules/@img/sharp-libvips-darwin-arm64
2357 silly reify mark deleted [
2357 silly reify   '/home/orta/Documentos/GitHub/Calculadora de IVAs e ISRs/node_modules/@img/sharp-libvips-darwin-arm64'
2357 silly reify ]
2358 verbose reify failed optional dependency /home/orta/Documentos/GitHub/Calculadora de IVAs e ISRs/node_modules/@img/sharp-darwin-x64
2359 silly reify mark deleted [
2359 silly reify   '/home/orta/Documentos/GitHub/Calculadora de IVAs e ISRs/node_modules/@img/sharp-darwin-x64'
2359 silly reify ]
2360 verbose reify failed optional dependency /home/orta/Documentos/GitHub/Calculadora de IVAs e ISRs/node_modules/@img/sharp-darwin-arm64
2361 silly reify mark deleted [
2361 silly reify   '/home/orta/Documentos/GitHub/Calculadora de IVAs e ISRs/node_modules/@img/sharp-darwin-arm64'
2361 silly reify ]
2362 verbose reify failed optional dependency /home/orta/Documentos/GitHub/Calculadora de IVAs e ISRs/node_modules/@next/swc-win32-x64-msvc
2363 silly reify mark deleted [
2363 silly reify   '/home/orta/Documentos/GitHub/Calculadora de IVAs e ISRs/node_modules/@next/swc-win32-x64-msvc'
2363 silly reify ]
2364 verbose reify failed optional dependency /home/orta/Documentos/GitHub/Calculadora de IVAs e ISRs/node_modules/@next/swc-win32-arm64-msvc
2365 silly reify mark deleted [
2365 silly reify   '/home/orta/Documentos/GitHub/Calculadora de IVAs e ISRs/node_modules/@next/swc-win32-arm64-msvc'
2365 silly reify ]
2366 verbose reify failed optional dependency /home/orta/Documentos/GitHub/Calculadora de IVAs e ISRs/node_modules/@next/swc-linux-x64-musl
2367 silly reify mark deleted [
2367 silly reify   '/home/orta/Documentos/GitHub/Calculadora de IVAs e ISRs/node_modules/@next/swc-linux-x64-musl'
2367 silly reify ]
2368 verbose reify failed optional dependency /home/orta/Documentos/GitHub/Calculadora de IVAs e ISRs/node_modules/@next/swc-linux-arm64-musl
2369 silly reify mark deleted [
2369 silly reify   '/home/orta/Documentos/GitHub/Calculadora de IVAs e ISRs/node_modules/@next/swc-linux-arm64-musl'
2369 silly reify ]
2370 verbose reify failed optional dependency /home/orta/Documentos/GitHub/Calculadora de IVAs e ISRs/node_modules/@next/swc-linux-arm64-gnu
2371 silly reify mark deleted [
2371 silly reify   '/home/orta/Documentos/GitHub/Calculadora de IVAs e ISRs/node_modules/@next/swc-linux-arm64-gnu'
2371 silly reify ]
2372 verbose reify failed optional dependency /home/orta/Documentos/GitHub/Calculadora de IVAs e ISRs/node_modules/@next/swc-darwin-x64
2373 silly reify mark deleted [
2373 silly reify   '/home/orta/Documentos/GitHub/Calculadora de IVAs e ISRs/node_modules/@next/swc-darwin-x64'
2373 silly reify ]
2374 verbose reify failed optional dependency /home/orta/Documentos/GitHub/Calculadora de IVAs e ISRs/node_modules/@next/swc-darwin-arm64
2375 silly reify mark deleted [
2375 silly reify   '/home/orta/Documentos/GitHub/Calculadora de IVAs e ISRs/node_modules/@next/swc-darwin-arm64'
2375 silly reify ]
2376 verbose reify failed optional dependency /home/orta/Documentos/GitHub/Calculadora de IVAs e ISRs/node_modules/lightningcss-win32-x64-msvc
2377 silly reify mark deleted [
2377 silly reify   '/home/orta/Documentos/GitHub/Calculadora de IVAs e ISRs/node_modules/lightningcss-win32-x64-msvc'
2377 silly reify ]
2378 verbose reify failed optional dependency /home/orta/Documentos/GitHub/Calculadora de IVAs e ISRs/node_modules/lightningcss-win32-arm64-msvc
2379 silly reify mark deleted [
2379 silly reify   '/home/orta/Documentos/GitHub/Calculadora de IVAs e ISRs/node_modules/lightningcss-win32-arm64-msvc'
2379 silly reify ]
2380 verbose reify failed optional dependency /home/orta/Documentos/GitHub/Calculadora de IVAs e ISRs/node_modules/lightningcss-linux-x64-musl
2381 silly reify mark deleted [
2381 silly reify   '/home/orta/Documentos/GitHub/Calculadora de IVAs e ISRs/node_modules/lightningcss-linux-x64-musl'
2381 silly reify ]
2382 verbose reify failed optional dependency /home/orta/Documentos/GitHub/Calculadora de IVAs e ISRs/node_modules/lightningcss-linux-arm64-musl
2383 silly reify mark deleted [
2383 silly reify   '/home/orta/Documentos/GitHub/Calculadora de IVAs e ISRs/node_modules/lightningcss-linux-arm64-musl'
2383 silly reify ]
2384 verbose reify failed optional dependency /home/orta/Documentos/GitHub/Calculadora de IVAs e ISRs/node_modules/lightningcss-linux-arm64-gnu
2385 silly reify mark deleted [
2385 silly reify   '/home/orta/Documentos/GitHub/Calculadora de IVAs e ISRs/node_modules/lightningcss-linux-arm64-gnu'
2385 silly reify ]
2386 verbose reify failed optional dependency /home/orta/Documentos/GitHub/Calculadora de IVAs e ISRs/node_modules/lightningcss-linux-arm-gnueabihf
2387 silly reify mark deleted [
2387 silly reify   '/home/orta/Documentos/GitHub/Calculadora de IVAs e ISRs/node_modules/lightningcss-linux-arm-gnueabihf'
2387 silly reify ]
2388 verbose reify failed optional dependency /home/orta/Documentos/GitHub/Calculadora de IVAs e ISRs/node_modules/lightningcss-freebsd-x64
2389 silly reify mark deleted [
2389 silly reify   '/home/orta/Documentos/GitHub/Calculadora de IVAs e ISRs/node_modules/lightningcss-freebsd-x64'
2389 silly reify ]
2390 verbose reify failed optional dependency /home/orta/Documentos/GitHub/Calculadora de IVAs e ISRs/node_modules/lightningcss-darwin-x64
2391 silly reify mark deleted [
2391 silly reify   '/home/orta/Documentos/GitHub/Calculadora de IVAs e ISRs/node_modules/lightningcss-darwin-x64'
2391 silly reify ]
2392 verbose reify failed optional dependency /home/orta/Documentos/GitHub/Calculadora de IVAs e ISRs/node_modules/lightningcss-darwin-arm64
2393 silly reify mark deleted [
2393 silly reify   '/home/orta/Documentos/GitHub/Calculadora de IVAs e ISRs/node_modules/lightningcss-darwin-arm64'
2393 silly reify ]
2394 verbose reify failed optional dependency /home/orta/Documentos/GitHub/Calculadora de IVAs e ISRs/node_modules/@tailwindcss/oxide-win32-x64-msvc
2395 silly reify mark deleted [
2395 silly reify   '/home/orta/Documentos/GitHub/Calculadora de IVAs e ISRs/node_modules/@tailwindcss/oxide-win32-x64-msvc'
2395 silly reify ]
2396 verbose reify failed optional dependency /home/orta/Documentos/GitHub/Calculadora de IVAs e ISRs/node_modules/@tailwindcss/oxide-win32-arm64-msvc
2397 silly reify mark deleted [
2397 silly reify   '/home/orta/Documentos/GitHub/Calculadora de IVAs e ISRs/node_modules/@tailwindcss/oxide-win32-arm64-msvc'
2397 silly reify ]
2398 verbose reify failed optional dependency /home/orta/Documentos/GitHub/Calculadora de IVAs e ISRs/node_modules/@tailwindcss/oxide-linux-x64-musl
2399 silly reify mark deleted [
2399 silly reify   '/home/orta/Documentos/GitHub/Calculadora de IVAs e ISRs/node_modules/@tailwindcss/oxide-linux-x64-musl'
2399 silly reify ]
2400 verbose reify failed optional dependency /home/orta/Documentos/GitHub/Calculadora de IVAs e ISRs/node_modules/@tailwindcss/oxide-linux-arm64-musl
2401 silly reify mark deleted [
2401 silly reify   '/home/orta/Documentos/GitHub/Calculadora de IVAs e ISRs/node_modules/@tailwindcss/oxide-linux-arm64-musl'
2401 silly reify ]
2402 verbose reify failed optional dependency /home/orta/Documentos/GitHub/Calculadora de IVAs e ISRs/node_modules/@tailwindcss/oxide-linux-arm64-gnu
2403 silly reify mark deleted [
2403 silly reify   '/home/orta/Documentos/GitHub/Calculadora de IVAs e ISRs/node_modules/@tailwindcss/oxide-linux-arm64-gnu'
2403 silly reify ]
2404 verbose reify failed optional dependency /home/orta/Documentos/GitHub/Calculadora de IVAs e ISRs/node_modules/@tailwindcss/oxide-linux-arm-gnueabihf
2405 silly reify mark deleted [
2405 silly reify   '/home/orta/Documentos/GitHub/Calculadora de IVAs e ISRs/node_modules/@tailwindcss/oxide-linux-arm-gnueabihf'
2405 silly reify ]
2406 verbose reify failed optional dependency /home/orta/Documentos/GitHub/Calculadora de IVAs e ISRs/node_modules/@tailwindcss/oxide-freebsd-x64
2407 silly reify mark deleted [
2407 silly reify   '/home/orta/Documentos/GitHub/Calculadora de IVAs e ISRs/node_modules/@tailwindcss/oxide-freebsd-x64'
2407 silly reify ]
2408 verbose reify failed optional dependency /home/orta/Documentos/GitHub/Calculadora de IVAs e ISRs/node_modules/@tailwindcss/oxide-darwin-x64
2409 silly reify mark deleted [
2409 silly reify   '/home/orta/Documentos/GitHub/Calculadora de IVAs e ISRs/node_modules/@tailwindcss/oxide-darwin-x64'
2409 silly reify ]
2410 verbose reify failed optional dependency /home/orta/Documentos/GitHub/Calculadora de IVAs e ISRs/node_modules/@tailwindcss/oxide-darwin-arm64
2411 silly reify mark deleted [
2411 silly reify   '/home/orta/Documentos/GitHub/Calculadora de IVAs e ISRs/node_modules/@tailwindcss/oxide-darwin-arm64'
2411 silly reify ]
2412 verbose reify failed optional dependency /home/orta/Documentos/GitHub/Calculadora de IVAs e ISRs/node_modules/@tailwindcss/oxide-android-arm64
2413 silly reify mark deleted [
2413 silly reify   '/home/orta/Documentos/GitHub/Calculadora de IVAs e ISRs/node_modules/@tailwindcss/oxide-android-arm64'
2413 silly reify ]
2414 silly tarball no local data for is-weakset@https://registry.npmjs.org/is-weakset/-/is-weakset-2.0.4.tgz. Extracting by manifest.
2415 silly tarball no local data for is-weakmap@https://registry.npmjs.org/is-weakmap/-/is-weakmap-2.0.2.tgz. Extracting by manifest.
2416 silly tarball no local data for is-map@https://registry.npmjs.org/is-map/-/is-map-2.0.3.tgz. Extracting by manifest.
2417 silly tarball no local data for generator-function@https://registry.npmjs.org/generator-function/-/generator-function-2.0.1.tgz. Extracting by manifest.
2418 silly tarball no local data for async-function@https://registry.npmjs.org/async-function/-/async-function-1.0.0.tgz. Extracting by manifest.
2419 silly tarball no local data for which-collection@https://registry.npmjs.org/which-collection/-/which-collection-1.0.2.tgz. Extracting by manifest.
2420 silly tarball no local data for is-generator-function@https://registry.npmjs.org/is-generator-function/-/is-generator-function-1.1.2.tgz. Extracting by manifest.
2421 silly tarball no local data for is-finalizationregistry@https://registry.npmjs.org/is-finalizationregistry/-/is-finalizationregistry-1.1.1.tgz. Extracting by manifest.
2422 silly tarball no local data for is-boolean-object@https://registry.npmjs.org/is-boolean-object/-/is-boolean-object-1.2.2.tgz. Extracting by manifest.
2423 silly tarball no local data for is-bigint@https://registry.npmjs.org/is-bigint/-/is-bigint-1.1.0.tgz. Extracting by manifest.
2424 silly tarball no local data for isexe@https://registry.npmjs.org/isexe/-/isexe-2.0.0.tgz. Extracting by manifest.
2425 silly tarball no local data for punycode@https://registry.npmjs.org/punycode/-/punycode-2.3.1.tgz. Extracting by manifest.
2426 silly tarball no local data for is-number-object@https://registry.npmjs.org/is-number-object/-/is-number-object-1.1.1.tgz. Extracting by manifest.
2427 silly tarball no local data for @emnapi/wasi-threads@https://registry.npmjs.org/@emnapi/wasi-threads/-/wasi-threads-1.1.0.tgz. Extracting by manifest.
2428 silly tarball no local data for @tybys/wasm-util@https://registry.npmjs.org/@tybys/wasm-util/-/wasm-util-0.10.1.tgz. Extracting by manifest.
2429 silly tarball no local data for is-async-function@https://registry.npmjs.org/is-async-function/-/is-async-function-2.1.1.tgz. Extracting by manifest.
2430 silly tarball no local data for @emnapi/core@https://registry.npmjs.org/@emnapi/core/-/core-1.5.0.tgz. Extracting by manifest.
2431 silly tarball no local data for napi-postinstall@https://registry.npmjs.org/napi-postinstall/-/napi-postinstall-0.3.4.tgz. Extracting by manifest.
2432 silly tarball no local data for @napi-rs/wasm-runtime@https://registry.npmjs.org/@napi-rs/wasm-runtime/-/wasm-runtime-0.2.12.tgz. Extracting by manifest.
2433 silly tarball no local data for which-boxed-primitive@https://registry.npmjs.org/which-boxed-primitive/-/which-boxed-primitive-1.1.1.tgz. Extracting by manifest.
2434 silly tarball no local data for @unrs/resolver-binding-linux-x64-gnu@https://registry.npmjs.org/@unrs/resolver-binding-linux-x64-gnu/-/resolver-binding-linux-x64-gnu-1.11.1.tgz. Extracting by manifest.
2435 silly tarball no local data for has-bigints@https://registry.npmjs.org/has-bigints/-/has-bigints-1.1.0.tgz. Extracting by manifest.
2436 silly tarball no local data for which-builtin-type@https://registry.npmjs.org/which-builtin-type/-/which-builtin-type-1.2.1.tgz. Extracting by manifest.
2437 silly tarball no local data for reflect.getprototypeof@https://registry.npmjs.org/reflect.getprototypeof/-/reflect.getprototypeof-1.0.10.tgz. Extracting by manifest.
2438 silly tarball no local data for for-each@https://registry.npmjs.org/for-each/-/for-each-0.3.5.tgz. Extracting by manifest.
2439 silly tarball no local data for strip-bom@https://registry.npmjs.org/strip-bom/-/strip-bom-3.0.0.tgz. Extracting by manifest.
2440 silly tarball no local data for minimist@https://registry.npmjs.org/minimist/-/minimist-1.2.8.tgz. Extracting by manifest.
2441 silly tarball no local data for json5@https://registry.npmjs.org/json5/-/json5-1.0.2.tgz. Extracting by manifest.
2442 silly tarball no local data for @types/json5@https://registry.npmjs.org/@types/json5/-/json5-0.0.29.tgz. Extracting by manifest.
2443 silly tarball no local data for is-number@https://registry.npmjs.org/is-number/-/is-number-7.0.0.tgz. Extracting by manifest.
2444 silly tarball no local data for yallist@https://registry.npmjs.org/yallist/-/yallist-5.0.0.tgz. Extracting by manifest.
2445 silly tarball no local data for minipass@https://registry.npmjs.org/minipass/-/minipass-7.1.2.tgz. Extracting by manifest.
2446 silly tarball no local data for minizlib@https://registry.npmjs.org/minizlib/-/minizlib-3.1.0.tgz. Extracting by manifest.
2447 silly tarball no local data for chownr@https://registry.npmjs.org/chownr/-/chownr-3.0.0.tgz. Extracting by manifest.
2448 silly tarball no local data for @isaacs/fs-minipass@https://registry.npmjs.org/@isaacs/fs-minipass/-/fs-minipass-4.0.1.tgz. Extracting by manifest.
2449 silly tarball no local data for has-flag@https://registry.npmjs.org/has-flag/-/has-flag-4.0.0.tgz. Extracting by manifest.
2450 silly tarball no local data for client-only@https://registry.npmjs.org/client-only/-/client-only-0.0.1.tgz. Extracting by manifest.
2451 silly tarball no local data for side-channel-weakmap@https://registry.npmjs.org/side-channel-weakmap/-/side-channel-weakmap-1.0.2.tgz. Extracting by manifest.
2452 silly tarball no local data for side-channel-map@https://registry.npmjs.org/side-channel-map/-/side-channel-map-1.0.1.tgz. Extracting by manifest.
2453 silly tarball no local data for side-channel-list@https://registry.npmjs.org/side-channel-list/-/side-channel-list-1.0.0.tgz. Extracting by manifest.
2454 silly tarball no local data for @emnapi/runtime@https://registry.npmjs.org/@emnapi/runtime/-/runtime-1.5.0.tgz. Extracting by manifest.
2455 silly tarball no local data for shebang-regex@https://registry.npmjs.org/shebang-regex/-/shebang-regex-3.0.0.tgz. Extracting by manifest.
2456 silly tarball no local data for @img/sharp-linux-x64@https://registry.npmjs.org/@img/sharp-linux-x64/-/sharp-linux-x64-0.34.4.tgz. Extracting by manifest.
2457 silly tarball no local data for @img/sharp-libvips-linux-x64@https://registry.npmjs.org/@img/sharp-libvips-linux-x64/-/sharp-libvips-linux-x64-1.2.3.tgz. Extracting by manifest.
2458 silly tarball no local data for @img/colour@https://registry.npmjs.org/@img/colour/-/colour-1.0.0.tgz. Extracting by manifest.
2459 silly tarball no local data for isarray@https://registry.npmjs.org/isarray/-/isarray-2.0.5.tgz. Extracting by manifest.
2460 silly tarball no local data for queue-microtask@https://registry.npmjs.org/queue-microtask/-/queue-microtask-1.2.3.tgz. Extracting by manifest.
2461 silly tarball no local data for supports-preserve-symlinks-flag@https://registry.npmjs.org/supports-preserve-symlinks-flag/-/supports-preserve-symlinks-flag-1.0.0.tgz. Extracting by manifest.
2462 silly tarball no local data for path-parse@https://registry.npmjs.org/path-parse/-/path-parse-1.0.7.tgz. Extracting by manifest.
2463 silly tarball no local data for scheduler@https://registry.npmjs.org/scheduler/-/scheduler-0.26.0.tgz. Extracting by manifest.
2464 silly tarball no local data for js-tokens@https://registry.npmjs.org/js-tokens/-/js-tokens-4.0.0.tgz. Extracting by manifest.
2465 silly tarball no local data for react-is@https://registry.npmjs.org/react-is/-/react-is-16.13.1.tgz. Extracting by manifest.
2466 silly tarball no local data for object-assign@https://registry.npmjs.org/object-assign/-/object-assign-4.1.1.tgz. Extracting by manifest.
2467 silly tarball no local data for picocolors@https://registry.npmjs.org/picocolors/-/picocolors-1.1.1.tgz. Extracting by manifest.
2468 silly tarball no local data for loose-envify@https://registry.npmjs.org/loose-envify/-/loose-envify-1.4.0.tgz. Extracting by manifest.
2469 silly tarball no local data for nanoid@https://registry.npmjs.org/nanoid/-/nanoid-3.3.11.tgz. Extracting by manifest.
2470 silly tarball no local data for callsites@https://registry.npmjs.org/callsites/-/callsites-3.1.0.tgz. Extracting by manifest.
2471 silly tarball no local data for yocto-queue@https://registry.npmjs.org/yocto-queue/-/yocto-queue-0.1.0.tgz. Extracting by manifest.
2472 silly tarball no local data for p-limit@https://registry.npmjs.org/p-limit/-/p-limit-3.1.0.tgz. Extracting by manifest.
2473 silly tarball no local data for word-wrap@https://registry.npmjs.org/word-wrap/-/word-wrap-1.2.5.tgz. Extracting by manifest.
2474 silly tarball no local data for fast-levenshtein@https://registry.npmjs.org/fast-levenshtein/-/fast-levenshtein-2.0.6.tgz. Extracting by manifest.
2475 silly tarball no local data for tslib@https://registry.npmjs.org/tslib/-/tslib-2.8.1.tgz. Extracting by manifest.
2476 silly tarball no local data for deep-is@https://registry.npmjs.org/deep-is/-/deep-is-0.1.4.tgz. Extracting by manifest.
2477 silly tarball no local data for styled-jsx@https://registry.npmjs.org/styled-jsx/-/styled-jsx-5.1.6.tgz. Extracting by manifest.
2478 silly tarball no local data for sharp@https://registry.npmjs.org/sharp/-/sharp-0.34.4.tgz. Extracting by manifest.
2479 silly tarball no local data for caniuse-lite@https://registry.npmjs.org/caniuse-lite/-/caniuse-lite-1.0.30001750.tgz. Extracting by manifest.
2480 silly tarball no local data for @swc/helpers@https://registry.npmjs.org/@swc/helpers/-/helpers-0.5.15.tgz. Extracting by manifest.
2481 silly tarball no local data for @next/swc-linux-x64-gnu@https://registry.npmjs.org/@next/swc-linux-x64-gnu/-/swc-linux-x64-gnu-15.5.4.tgz. Extracting by manifest.
2482 silly tarball no local data for @next/env@https://registry.npmjs.org/@next/env/-/env-15.5.4.tgz. Extracting by manifest.
2483 silly tarball no local data for concat-map@https://registry.npmjs.org/concat-map/-/concat-map-0.0.1.tgz. Extracting by manifest.
2484 silly tarball no local data for balanced-match@https://registry.npmjs.org/balanced-match/-/balanced-match-1.0.2.tgz. Extracting by manifest.
2485 silly tarball no local data for brace-expansion@https://registry.npmjs.org/brace-expansion/-/brace-expansion-1.1.12.tgz. Extracting by manifest.
2486 silly tarball no local data for to-regex-range@https://registry.npmjs.org/to-regex-range/-/to-regex-range-5.0.1.tgz. Extracting by manifest.
2487 silly tarball no local data for picomatch@https://registry.npmjs.org/picomatch/-/picomatch-2.3.1.tgz. Extracting by manifest.
2488 silly tarball no local data for braces@https://registry.npmjs.org/braces/-/braces-3.0.3.tgz. Extracting by manifest.
2489 silly tarball no local data for p-locate@https://registry.npmjs.org/p-locate/-/p-locate-5.0.0.tgz. Extracting by manifest.
2490 silly tarball no local data for lightningcss-linux-x64-gnu@https://registry.npmjs.org/lightningcss-linux-x64-gnu/-/lightningcss-linux-x64-gnu-1.30.1.tgz. Extracting by manifest.
2491 silly tarball no local data for type-check@https://registry.npmjs.org/type-check/-/type-check-0.4.0.tgz. Extracting by manifest.
2492 silly tarball no local data for fill-range@https://registry.npmjs.org/fill-range/-/fill-range-7.1.1.tgz. Extracting by manifest.
2493 silly tarball no local data for prelude-ls@https://registry.npmjs.org/prelude-ls/-/prelude-ls-1.2.1.tgz. Extracting by manifest.
2494 silly tarball no local data for language-subtag-registry@https://registry.npmjs.org/language-subtag-registry/-/language-subtag-registry-0.3.23.tgz. Extracting by manifest.
2495 silly tarball no local data for json-buffer@https://registry.npmjs.org/json-buffer/-/json-buffer-3.0.1.tgz. Extracting by manifest.
2496 silly tarball no local data for argparse@https://registry.npmjs.org/argparse/-/argparse-2.0.1.tgz. Extracting by manifest.
2497 silly tarball no local data for set-function-name@https://registry.npmjs.org/set-function-name/-/set-function-name-2.0.2.tgz. Extracting by manifest.
2498 silly tarball no local data for side-channel@https://registry.npmjs.org/side-channel/-/side-channel-1.1.0.tgz. Extracting by manifest.
2499 silly tarball no local data for resolve-from@https://registry.npmjs.org/resolve-from/-/resolve-from-4.0.0.tgz. Extracting by manifest.
2500 silly tarball no local data for parent-module@https://registry.npmjs.org/parent-module/-/parent-module-1.0.1.tgz. Extracting by manifest.
2501 silly tarball no local data for resolve-pkg-maps@https://registry.npmjs.org/resolve-pkg-maps/-/resolve-pkg-maps-1.0.0.tgz. Extracting by manifest.
2502 silly tarball no local data for is-extglob@https://registry.npmjs.org/is-extglob/-/is-extglob-2.1.1.tgz. Extracting by manifest.
2503 silly tarball no local data for dunder-proto@https://registry.npmjs.org/dunder-proto/-/dunder-proto-1.0.1.tgz. Extracting by manifest.
2504 silly tarball no local data for functions-have-names@https://registry.npmjs.org/functions-have-names/-/functions-have-names-1.2.3.tgz. Extracting by manifest.
2505 silly tarball no local data for keyv@https://registry.npmjs.org/keyv/-/keyv-4.5.4.tgz. Extracting by manifest.
2506 silly tarball no local data for flatted@https://registry.npmjs.org/flatted/-/flatted-3.3.3.tgz. Extracting by manifest.
2507 silly tarball no local data for path-exists@https://registry.npmjs.org/path-exists/-/path-exists-4.0.0.tgz. Extracting by manifest.
2508 silly tarball no local data for reusify@https://registry.npmjs.org/reusify/-/reusify-1.1.0.tgz. Extracting by manifest.
2509 silly tarball no local data for locate-path@https://registry.npmjs.org/locate-path/-/locate-path-6.0.0.tgz. Extracting by manifest.
2510 silly tarball no local data for flat-cache@https://registry.npmjs.org/flat-cache/-/flat-cache-4.0.1.tgz. Extracting by manifest.
2511 silly tarball no local data for run-parallel@https://registry.npmjs.org/run-parallel/-/run-parallel-1.2.0.tgz. Extracting by manifest.
2512 silly tarball no local data for fastq@https://registry.npmjs.org/fastq/-/fastq-1.19.1.tgz. Extracting by manifest.
2513 silly tarball no local data for @nodelib/fs.scandir@https://registry.npmjs.org/@nodelib/fs.scandir/-/fs.scandir-2.1.5.tgz. Extracting by manifest.
2514 silly tarball no local data for micromatch@https://registry.npmjs.org/micromatch/-/micromatch-4.0.8.tgz. Extracting by manifest.
2515 silly tarball no local data for merge2@https://registry.npmjs.org/merge2/-/merge2-1.4.1.tgz. Extracting by manifest.
2516 silly tarball no local data for @nodelib/fs.walk@https://registry.npmjs.org/@nodelib/fs.walk/-/fs.walk-1.2.8.tgz. Extracting by manifest.
2517 silly tarball no local data for @nodelib/fs.stat@https://registry.npmjs.org/@nodelib/fs.stat/-/fs.stat-2.0.5.tgz. Extracting by manifest.
2518 silly tarball no local data for acorn-jsx@https://registry.npmjs.org/acorn-jsx/-/acorn-jsx-5.3.2.tgz. Extracting by manifest.
2519 silly tarball no local data for acorn@https://registry.npmjs.org/acorn/-/acorn-8.15.0.tgz. Extracting by manifest.
2520 silly tarball no local data for esrecurse@https://registry.npmjs.org/esrecurse/-/esrecurse-4.3.0.tgz. Extracting by manifest.
2521 silly tarball no local data for string.prototype.repeat@https://registry.npmjs.org/string.prototype.repeat/-/string.prototype.repeat-1.0.0.tgz. Extracting by manifest.
2522 silly tarball no local data for iterator.prototype@https://registry.npmjs.org/iterator.prototype/-/iterator.prototype-1.1.5.tgz. Extracting by manifest.
2523 silly tarball no local data for string.prototype.matchall@https://registry.npmjs.org/string.prototype.matchall/-/string.prototype.matchall-4.0.12.tgz. Extracting by manifest.
2524 silly tarball no local data for prop-types@https://registry.npmjs.org/prop-types/-/prop-types-15.8.1.tgz. Extracting by manifest.
2525 silly tarball no local data for object.entries@https://registry.npmjs.org/object.entries/-/object.entries-1.1.9.tgz. Extracting by manifest.
2526 silly tarball no local data for estraverse@https://registry.npmjs.org/estraverse/-/estraverse-5.3.0.tgz. Extracting by manifest.
2527 silly tarball no local data for es-iterator-helpers@https://registry.npmjs.org/es-iterator-helpers/-/es-iterator-helpers-1.2.1.tgz. Extracting by manifest.
2528 silly tarball no local data for array.prototype.tosorted@https://registry.npmjs.org/array.prototype.tosorted/-/array.prototype.tosorted-1.1.4.tgz. Extracting by manifest.
2529 silly tarball no local data for array.prototype.findlast@https://registry.npmjs.org/array.prototype.findlast/-/array.prototype.findlast-1.2.5.tgz. Extracting by manifest.
2530 silly tarball no local data for string.prototype.includes@https://registry.npmjs.org/string.prototype.includes/-/string.prototype.includes-2.0.1.tgz. Extracting by manifest.
2531 silly tarball no local data for language-tags@https://registry.npmjs.org/language-tags/-/language-tags-1.0.9.tgz. Extracting by manifest.
2532 silly tarball no local data for jsx-ast-utils@https://registry.npmjs.org/jsx-ast-utils/-/jsx-ast-utils-3.3.5.tgz. Extracting by manifest.
2533 silly tarball no local data for emoji-regex@https://registry.npmjs.org/emoji-regex/-/emoji-regex-9.2.2.tgz. Extracting by manifest.
2534 silly tarball no local data for damerau-levenshtein@https://registry.npmjs.org/damerau-levenshtein/-/damerau-levenshtein-1.0.8.tgz. Extracting by manifest.
2535 silly tarball no local data for axobject-query@https://registry.npmjs.org/axobject-query/-/axobject-query-4.1.0.tgz. Extracting by manifest.
2536 silly tarball no local data for axe-core@https://registry.npmjs.org/axe-core/-/axe-core-4.11.0.tgz. Extracting by manifest.
2537 silly tarball no local data for ast-types-flow@https://registry.npmjs.org/ast-types-flow/-/ast-types-flow-0.0.8.tgz. Extracting by manifest.
2538 silly tarball no local data for aria-query@https://registry.npmjs.org/aria-query/-/aria-query-5.3.2.tgz. Extracting by manifest.
2539 silly tarball no local data for is-date-object@https://registry.npmjs.org/is-date-object/-/is-date-object-1.1.0.tgz. Extracting by manifest.
2540 silly tarball no local data for is-symbol@https://registry.npmjs.org/is-symbol/-/is-symbol-1.1.1.tgz. Extracting by manifest.
2541 silly tarball no local data for has-tostringtag@https://registry.npmjs.org/has-tostringtag/-/has-tostringtag-1.0.2.tgz. Extracting by manifest.
2542 silly tarball no local data for possible-typed-array-names@https://registry.npmjs.org/possible-typed-array-names/-/possible-typed-array-names-1.1.0.tgz. Extracting by manifest.
2543 silly tarball no local data for which-typed-array@https://registry.npmjs.org/which-typed-array/-/which-typed-array-1.1.19.tgz. Extracting by manifest.
2544 silly tarball no local data for unbox-primitive@https://registry.npmjs.org/unbox-primitive/-/unbox-primitive-1.1.0.tgz. Extracting by manifest.
2545 silly tarball no local data for typed-array-byte-offset@https://registry.npmjs.org/typed-array-byte-offset/-/typed-array-byte-offset-1.0.4.tgz. Extracting by manifest.
2546 silly tarball no local data for typed-array-length@https://registry.npmjs.org/typed-array-length/-/typed-array-length-1.0.7.tgz. Extracting by manifest.
2547 silly tarball no local data for typed-array-byte-length@https://registry.npmjs.org/typed-array-byte-length/-/typed-array-byte-length-1.0.3.tgz. Extracting by manifest.
2548 silly tarball no local data for typed-array-buffer@https://registry.npmjs.org/typed-array-buffer/-/typed-array-buffer-1.0.3.tgz. Extracting by manifest.
2549 silly tarball no local data for string.prototype.trim@https://registry.npmjs.org/string.prototype.trim/-/string.prototype.trim-1.2.10.tgz. Extracting by manifest.
2550 silly tarball no local data for string.prototype.trimstart@https://registry.npmjs.org/string.prototype.trimstart/-/string.prototype.trimstart-1.0.8.tgz. Extracting by manifest.
2551 silly tarball no local data for stop-iteration-iterator@https://registry.npmjs.org/stop-iteration-iterator/-/stop-iteration-iterator-1.1.0.tgz. Extracting by manifest.
2552 silly tarball no local data for set-proto@https://registry.npmjs.org/set-proto/-/set-proto-1.0.0.tgz. Extracting by manifest.
2553 silly tarball no local data for safe-regex-test@https://registry.npmjs.org/safe-regex-test/-/safe-regex-test-1.1.0.tgz. Extracting by manifest.
2554 silly tarball no local data for safe-push-apply@https://registry.npmjs.org/safe-push-apply/-/safe-push-apply-1.0.0.tgz. Extracting by manifest.
2555 silly tarball no local data for safe-array-concat@https://registry.npmjs.org/safe-array-concat/-/safe-array-concat-1.1.3.tgz. Extracting by manifest.
2556 silly tarball no local data for regexp.prototype.flags@https://registry.npmjs.org/regexp.prototype.flags/-/regexp.prototype.flags-1.5.4.tgz. Extracting by manifest.
2557 silly tarball no local data for own-keys@https://registry.npmjs.org/own-keys/-/own-keys-1.0.1.tgz. Extracting by manifest.
2558 silly tarball no local data for object.assign@https://registry.npmjs.org/object.assign/-/object.assign-4.1.7.tgz. Extracting by manifest.
2559 silly tarball no local data for object-inspect@https://registry.npmjs.org/object-inspect/-/object-inspect-1.13.4.tgz. Extracting by manifest.
2560 silly tarball no local data for is-weakref@https://registry.npmjs.org/is-weakref/-/is-weakref-1.1.1.tgz. Extracting by manifest.
2561 silly tarball no local data for is-typed-array@https://registry.npmjs.org/is-typed-array/-/is-typed-array-1.1.15.tgz. Extracting by manifest.
2562 silly tarball no local data for is-shared-array-buffer@https://registry.npmjs.org/is-shared-array-buffer/-/is-shared-array-buffer-1.0.4.tgz. Extracting by manifest.
2563 silly tarball no local data for is-negative-zero@https://registry.npmjs.org/is-negative-zero/-/is-negative-zero-2.0.3.tgz. Extracting by manifest.
2564 silly tarball no local data for is-regex@https://registry.npmjs.org/is-regex/-/is-regex-1.2.1.tgz. Extracting by manifest.
2565 silly tarball no local data for is-set@https://registry.npmjs.org/is-set/-/is-set-2.0.3.tgz. Extracting by manifest.
2566 silly tarball no local data for is-data-view@https://registry.npmjs.org/is-data-view/-/is-data-view-1.0.2.tgz. Extracting by manifest.
2567 silly tarball no local data for is-callable@https://registry.npmjs.org/is-callable/-/is-callable-1.2.7.tgz. Extracting by manifest.
2568 silly tarball no local data for is-array-buffer@https://registry.npmjs.org/is-array-buffer/-/is-array-buffer-3.0.5.tgz. Extracting by manifest.
2569 silly tarball no local data for internal-slot@https://registry.npmjs.org/internal-slot/-/internal-slot-1.1.0.tgz. Extracting by manifest.
2570 silly tarball no local data for has-symbols@https://registry.npmjs.org/has-symbols/-/has-symbols-1.1.0.tgz. Extracting by manifest.
2571 silly tarball no local data for has-proto@https://registry.npmjs.org/has-proto/-/has-proto-1.2.0.tgz. Extracting by manifest.
2572 silly tarball no local data for get-symbol-description@https://registry.npmjs.org/get-symbol-description/-/get-symbol-description-1.1.0.tgz. Extracting by manifest.
2573 silly tarball no local data for globalthis@https://registry.npmjs.org/globalthis/-/globalthis-1.0.4.tgz. Extracting by manifest.
2574 silly tarball no local data for function.prototype.name@https://registry.npmjs.org/function.prototype.name/-/function.prototype.name-1.1.8.tgz. Extracting by manifest.
2575 silly tarball no local data for get-proto@https://registry.npmjs.org/get-proto/-/get-proto-1.0.1.tgz. Extracting by manifest.
2576 silly tarball no local data for es-to-primitive@https://registry.npmjs.org/es-to-primitive/-/es-to-primitive-1.3.0.tgz. Extracting by manifest.
2577 silly tarball no local data for es-set-tostringtag@https://registry.npmjs.org/es-set-tostringtag/-/es-set-tostringtag-2.1.0.tgz. Extracting by manifest.
2578 silly tarball no local data for data-view-byte-offset@https://registry.npmjs.org/data-view-byte-offset/-/data-view-byte-offset-1.0.1.tgz. Extracting by manifest.
2579 silly tarball no local data for data-view-buffer@https://registry.npmjs.org/data-view-buffer/-/data-view-buffer-1.0.2.tgz. Extracting by manifest.
2580 silly tarball no local data for data-view-byte-length@https://registry.npmjs.org/data-view-byte-length/-/data-view-byte-length-1.0.2.tgz. Extracting by manifest.
2581 silly tarball no local data for available-typed-arrays@https://registry.npmjs.org/available-typed-arrays/-/available-typed-arrays-1.0.7.tgz. Extracting by manifest.
2582 silly tarball no local data for arraybuffer.prototype.slice@https://registry.npmjs.org/arraybuffer.prototype.slice/-/arraybuffer.prototype.slice-1.0.4.tgz. Extracting by manifest.
2583 silly tarball no local data for array-buffer-byte-length@https://registry.npmjs.org/array-buffer-byte-length/-/array-buffer-byte-length-1.0.2.tgz. Extracting by manifest.
2584 silly tarball no local data for gopd@https://registry.npmjs.org/gopd/-/gopd-1.2.0.tgz. Extracting by manifest.
2585 silly tarball no local data for object-keys@https://registry.npmjs.org/object-keys/-/object-keys-1.1.1.tgz. Extracting by manifest.
2586 silly tarball no local data for has-property-descriptors@https://registry.npmjs.org/has-property-descriptors/-/has-property-descriptors-1.0.2.tgz. Extracting by manifest.
2587 silly tarball no local data for define-data-property@https://registry.npmjs.org/define-data-property/-/define-data-property-1.1.4.tgz. Extracting by manifest.
2588 silly tarball no local data for function-bind@https://registry.npmjs.org/function-bind/-/function-bind-1.1.2.tgz. Extracting by manifest.
2589 silly tarball no local data for set-function-length@https://registry.npmjs.org/set-function-length/-/set-function-length-1.2.2.tgz. Extracting by manifest.
2590 silly tarball no local data for es-define-property@https://registry.npmjs.org/es-define-property/-/es-define-property-1.0.1.tgz. Extracting by manifest.
2591 silly tarball no local data for call-bind-apply-helpers@https://registry.npmjs.org/call-bind-apply-helpers/-/call-bind-apply-helpers-1.0.2.tgz. Extracting by manifest.
2592 silly tarball no local data for es-shim-unscopables@https://registry.npmjs.org/es-shim-unscopables/-/es-shim-unscopables-1.1.0.tgz. Extracting by manifest.
2593 silly tarball no local data for es-errors@https://registry.npmjs.org/es-errors/-/es-errors-1.3.0.tgz. Extracting by manifest.
2594 silly tarball no local data for math-intrinsics@https://registry.npmjs.org/math-intrinsics/-/math-intrinsics-1.1.0.tgz. Extracting by manifest.
2595 silly tarball no local data for is-string@https://registry.npmjs.org/is-string/-/is-string-1.1.1.tgz. Extracting by manifest.
2596 silly tarball no local data for get-intrinsic@https://registry.npmjs.org/get-intrinsic/-/get-intrinsic-1.3.0.tgz. Extracting by manifest.
2597 silly tarball no local data for es-object-atoms@https://registry.npmjs.org/es-object-atoms/-/es-object-atoms-1.1.1.tgz. Extracting by manifest.
2598 silly tarball no local data for es-abstract@https://registry.npmjs.org/es-abstract/-/es-abstract-1.24.0.tgz. Extracting by manifest.
2599 silly tarball no local data for define-properties@https://registry.npmjs.org/define-properties/-/define-properties-1.2.1.tgz. Extracting by manifest.
2600 silly tarball no local data for call-bound@https://registry.npmjs.org/call-bound/-/call-bound-1.0.4.tgz. Extracting by manifest.
2601 silly tarball no local data for call-bind@https://registry.npmjs.org/call-bind/-/call-bind-1.0.8.tgz. Extracting by manifest.
2602 silly tarball no local data for tsconfig-paths@https://registry.npmjs.org/tsconfig-paths/-/tsconfig-paths-3.15.0.tgz. Extracting by manifest.
2603 silly tarball no local data for string.prototype.trimend@https://registry.npmjs.org/string.prototype.trimend/-/string.prototype.trimend-1.0.9.tgz. Extracting by manifest.
2604 silly tarball no local data for object.fromentries@https://registry.npmjs.org/object.fromentries/-/object.fromentries-2.0.8.tgz. Extracting by manifest.
2605 silly tarball no local data for hasown@https://registry.npmjs.org/hasown/-/hasown-2.0.2.tgz. Extracting by manifest.
2606 silly tarball no local data for eslint-module-utils@https://registry.npmjs.org/eslint-module-utils/-/eslint-module-utils-2.12.1.tgz. Extracting by manifest.
2607 silly tarball no local data for object.values@https://registry.npmjs.org/object.values/-/object.values-1.2.1.tgz. Extracting by manifest.
2608 silly tarball no local data for doctrine@https://registry.npmjs.org/doctrine/-/doctrine-2.1.0.tgz. Extracting by manifest.
2609 silly tarball no local data for array.prototype.flatmap@https://registry.npmjs.org/array.prototype.flatmap/-/array.prototype.flatmap-1.3.3.tgz. Extracting by manifest.
2610 silly tarball no local data for array.prototype.flat@https://registry.npmjs.org/array.prototype.flat/-/array.prototype.flat-1.3.3.tgz. Extracting by manifest.
2611 silly tarball no local data for array.prototype.findlastindex@https://registry.npmjs.org/array.prototype.findlastindex/-/array.prototype.findlastindex-1.2.6.tgz. Extracting by manifest.
2612 silly tarball no local data for object.groupby@https://registry.npmjs.org/object.groupby/-/object.groupby-1.0.3.tgz. Extracting by manifest.
2613 silly tarball no local data for array-includes@https://registry.npmjs.org/array-includes/-/array-includes-3.1.9.tgz. Extracting by manifest.
2614 silly tarball no local data for unrs-resolver@https://registry.npmjs.org/unrs-resolver/-/unrs-resolver-1.11.1.tgz. Extracting by manifest.
2615 silly tarball no local data for @rtsao/scc@https://registry.npmjs.org/@rtsao/scc/-/scc-1.1.0.tgz. Extracting by manifest.
2616 silly tarball no local data for tinyglobby@https://registry.npmjs.org/tinyglobby/-/tinyglobby-0.2.15.tgz. Extracting by manifest.
2617 silly tarball no local data for stable-hash@https://registry.npmjs.org/stable-hash/-/stable-hash-0.0.5.tgz. Extracting by manifest.
2618 silly tarball no local data for is-bun-module@https://registry.npmjs.org/is-bun-module/-/is-bun-module-2.0.0.tgz. Extracting by manifest.
2619 silly tarball no local data for get-tsconfig@https://registry.npmjs.org/get-tsconfig/-/get-tsconfig-4.12.0.tgz. Extracting by manifest.
2620 silly tarball no local data for @nolyfill/is-core-module@https://registry.npmjs.org/@nolyfill/is-core-module/-/is-core-module-1.0.39.tgz. Extracting by manifest.
2621 silly tarball no local data for resolve@https://registry.npmjs.org/resolve/-/resolve-1.22.10.tgz. Extracting by manifest.
2622 silly tarball no local data for is-core-module@https://registry.npmjs.org/is-core-module/-/is-core-module-2.16.1.tgz. Extracting by manifest.
2623 silly tarball no local data for semver@https://registry.npmjs.org/semver/-/semver-7.7.3.tgz. Extracting by manifest.
2624 silly tarball no local data for @typescript-eslint/tsconfig-utils@https://registry.npmjs.org/@typescript-eslint/tsconfig-utils/-/tsconfig-utils-8.46.0.tgz. Extracting by manifest.
2625 silly tarball no local data for @typescript-eslint/project-service@https://registry.npmjs.org/@typescript-eslint/project-service/-/project-service-8.46.0.tgz. Extracting by manifest.
2626 silly tarball no local data for @typescript-eslint/typescript-estree@https://registry.npmjs.org/@typescript-eslint/typescript-estree/-/typescript-estree-8.46.0.tgz. Extracting by manifest.
2627 silly tarball no local data for @typescript-eslint/types@https://registry.npmjs.org/@typescript-eslint/types/-/types-8.46.0.tgz. Extracting by manifest.
2628 silly tarball no local data for ts-api-utils@https://registry.npmjs.org/ts-api-utils/-/ts-api-utils-2.1.0.tgz. Extracting by manifest.
2629 silly tarball no local data for graphemer@https://registry.npmjs.org/graphemer/-/graphemer-1.4.0.tgz. Extracting by manifest.
2630 silly tarball no local data for @typescript-eslint/visitor-keys@https://registry.npmjs.org/@typescript-eslint/visitor-keys/-/visitor-keys-8.46.0.tgz. Extracting by manifest.
2631 silly tarball no local data for @typescript-eslint/utils@https://registry.npmjs.org/@typescript-eslint/utils/-/utils-8.46.0.tgz. Extracting by manifest.
2632 silly tarball no local data for @typescript-eslint/type-utils@https://registry.npmjs.org/@typescript-eslint/type-utils/-/type-utils-8.46.0.tgz. Extracting by manifest.
2633 silly tarball no local data for @typescript-eslint/scope-manager@https://registry.npmjs.org/@typescript-eslint/scope-manager/-/scope-manager-8.46.0.tgz. Extracting by manifest.
2634 silly tarball no local data for fast-glob@https://registry.npmjs.org/fast-glob/-/fast-glob-3.3.1.tgz. Extracting by manifest.
2635 silly tarball no local data for eslint-plugin-react-hooks@https://registry.npmjs.org/eslint-plugin-react-hooks/-/eslint-plugin-react-hooks-5.2.0.tgz. Extracting by manifest.
2636 silly tarball no local data for eslint-plugin-react@https://registry.npmjs.org/eslint-plugin-react/-/eslint-plugin-react-7.37.5.tgz. Extracting by manifest.
2637 silly tarball no local data for eslint-plugin-jsx-a11y@https://registry.npmjs.org/eslint-plugin-jsx-a11y/-/eslint-plugin-jsx-a11y-6.10.2.tgz. Extracting by manifest.
2638 silly tarball no local data for eslint-plugin-import@https://registry.npmjs.org/eslint-plugin-import/-/eslint-plugin-import-2.32.0.tgz. Extracting by manifest.
2639 silly tarball no local data for eslint-import-resolver-node@https://registry.npmjs.org/eslint-import-resolver-node/-/eslint-import-resolver-node-0.3.9.tgz. Extracting by manifest.
2640 silly tarball no local data for eslint-import-resolver-typescript@https://registry.npmjs.org/eslint-import-resolver-typescript/-/eslint-import-resolver-typescript-3.10.1.tgz. Extracting by manifest.
2641 silly tarball no local data for @typescript-eslint/parser@https://registry.npmjs.org/@typescript-eslint/parser/-/parser-8.46.0.tgz. Extracting by manifest.
2642 silly tarball no local data for @typescript-eslint/eslint-plugin@https://registry.npmjs.org/@typescript-eslint/eslint-plugin/-/eslint-plugin-8.46.0.tgz. Extracting by manifest.
2643 silly tarball no local data for @rushstack/eslint-patch@https://registry.npmjs.org/@rushstack/eslint-patch/-/eslint-patch-1.13.0.tgz. Extracting by manifest.
2644 silly tarball no local data for @next/eslint-plugin-next@https://registry.npmjs.org/@next/eslint-plugin-next/-/eslint-plugin-next-15.5.4.tgz. Extracting by manifest.
2645 silly tarball no local data for which@https://registry.npmjs.org/which/-/which-2.0.2.tgz. Extracting by manifest.
2646 silly tarball no local data for shebang-command@https://registry.npmjs.org/shebang-command/-/shebang-command-2.0.0.tgz. Extracting by manifest.
2647 silly tarball no local data for path-key@https://registry.npmjs.org/path-key/-/path-key-3.1.1.tgz. Extracting by manifest.
2648 silly tarball no local data for color-name@https://registry.npmjs.org/color-name/-/color-name-1.1.4.tgz. Extracting by manifest.
2649 silly tarball no local data for color-convert@https://registry.npmjs.org/color-convert/-/color-convert-2.0.1.tgz. Extracting by manifest.
2650 silly tarball no local data for supports-color@https://registry.npmjs.org/supports-color/-/supports-color-7.2.0.tgz. Extracting by manifest.
2651 silly tarball no local data for ansi-styles@https://registry.npmjs.org/ansi-styles/-/ansi-styles-4.3.0.tgz. Extracting by manifest.
2652 silly tarball no local data for @humanfs/core@https://registry.npmjs.org/@humanfs/core/-/core-0.19.1.tgz. Extracting by manifest.
2653 silly tarball no local data for levn@https://registry.npmjs.org/levn/-/levn-0.4.1.tgz. Extracting by manifest.
2654 silly tarball no local data for @eslint/object-schema@https://registry.npmjs.org/@eslint/object-schema/-/object-schema-2.1.6.tgz. Extracting by manifest.
2655 silly tarball no local data for optionator@https://registry.npmjs.org/optionator/-/optionator-0.9.4.tgz. Extracting by manifest.
2656 silly tarball no local data for natural-compare@https://registry.npmjs.org/natural-compare/-/natural-compare-1.4.0.tgz. Extracting by manifest.
2657 silly tarball no local data for lodash.merge@https://registry.npmjs.org/lodash.merge/-/lodash.merge-4.6.2.tgz. Extracting by manifest.
2658 silly tarball no local data for json-stable-stringify-without-jsonify@https://registry.npmjs.org/json-stable-stringify-without-jsonify/-/json-stable-stringify-without-jsonify-1.0.1.tgz. Extracting by manifest.
2659 silly tarball no local data for is-glob@https://registry.npmjs.org/is-glob/-/is-glob-4.0.3.tgz. Extracting by manifest.
2660 silly tarball no local data for imurmurhash@https://registry.npmjs.org/imurmurhash/-/imurmurhash-0.1.4.tgz. Extracting by manifest.
2661 silly tarball no local data for glob-parent@https://registry.npmjs.org/glob-parent/-/glob-parent-6.0.2.tgz. Extracting by manifest.
2662 silly tarball no local data for find-up@https://registry.npmjs.org/find-up/-/find-up-5.0.0.tgz. Extracting by manifest.
2663 silly tarball no local data for file-entry-cache@https://registry.npmjs.org/file-entry-cache/-/file-entry-cache-8.0.0.tgz. Extracting by manifest.
2664 silly tarball no local data for esutils@https://registry.npmjs.org/esutils/-/esutils-2.0.3.tgz. Extracting by manifest.
2665 silly tarball no local data for esquery@https://registry.npmjs.org/esquery/-/esquery-1.6.0.tgz. Extracting by manifest.
2666 silly tarball no local data for eslint-visitor-keys@https://registry.npmjs.org/eslint-visitor-keys/-/eslint-visitor-keys-4.2.1.tgz. Extracting by manifest.
2667 silly tarball no local data for eslint-scope@https://registry.npmjs.org/eslint-scope/-/eslint-scope-8.4.0.tgz. Extracting by manifest.
2668 silly tarball no local data for escape-string-regexp@https://registry.npmjs.org/escape-string-regexp/-/escape-string-regexp-4.0.0.tgz. Extracting by manifest.
2669 silly tarball no local data for cross-spawn@https://registry.npmjs.org/cross-spawn/-/cross-spawn-7.0.6.tgz. Extracting by manifest.
2670 silly tarball no local data for chalk@https://registry.npmjs.org/chalk/-/chalk-4.1.2.tgz. Extracting by manifest.
2671 silly tarball no local data for @types/json-schema@https://registry.npmjs.org/@types/json-schema/-/json-schema-7.0.15.tgz. Extracting by manifest.
2672 silly tarball no local data for @types/estree@https://registry.npmjs.org/@types/estree/-/estree-1.0.8.tgz. Extracting by manifest.
2673 silly tarball no local data for @humanwhocodes/retry@https://registry.npmjs.org/@humanwhocodes/retry/-/retry-0.4.3.tgz. Extracting by manifest.
2674 silly tarball no local data for @humanwhocodes/module-importer@https://registry.npmjs.org/@humanwhocodes/module-importer/-/module-importer-1.0.1.tgz. Extracting by manifest.
2675 silly tarball no local data for @humanfs/node@https://registry.npmjs.org/@humanfs/node/-/node-0.16.7.tgz. Extracting by manifest.
2676 silly tarball no local data for @eslint/plugin-kit@https://registry.npmjs.org/@eslint/plugin-kit/-/plugin-kit-0.4.0.tgz. Extracting by manifest.
2677 silly tarball no local data for @eslint/js@https://registry.npmjs.org/@eslint/js/-/js-9.37.0.tgz. Extracting by manifest.
2678 silly tarball no local data for @eslint/core@https://registry.npmjs.org/@eslint/core/-/core-0.16.0.tgz. Extracting by manifest.
2679 silly tarball no local data for @eslint/config-helpers@https://registry.npmjs.org/@eslint/config-helpers/-/config-helpers-0.4.0.tgz. Extracting by manifest.
2680 silly tarball no local data for @eslint/config-array@https://registry.npmjs.org/@eslint/config-array/-/config-array-0.21.0.tgz. Extracting by manifest.
2681 silly tarball no local data for @eslint-community/regexpp@https://registry.npmjs.org/@eslint-community/regexpp/-/regexpp-4.12.1.tgz. Extracting by manifest.
2682 silly tarball no local data for @eslint-community/eslint-utils@https://registry.npmjs.org/@eslint-community/eslint-utils/-/eslint-utils-4.9.0.tgz. Extracting by manifest.
2683 silly tarball no local data for tapable@https://registry.npmjs.org/tapable/-/tapable-2.3.0.tgz. Extracting by manifest.
2684 silly tarball no local data for graceful-fs@https://registry.npmjs.org/graceful-fs/-/graceful-fs-4.2.11.tgz. Extracting by manifest.
2685 silly tarball no local data for ms@https://registry.npmjs.org/ms/-/ms-2.1.3.tgz. Extracting by manifest.
2686 silly tarball no local data for uri-js@https://registry.npmjs.org/uri-js/-/uri-js-4.4.1.tgz. Extracting by manifest.
2687 silly tarball no local data for json-schema-traverse@https://registry.npmjs.org/json-schema-traverse/-/json-schema-traverse-0.4.1.tgz. Extracting by manifest.
2688 silly tarball no local data for fast-json-stable-stringify@https://registry.npmjs.org/fast-json-stable-stringify/-/fast-json-stable-stringify-2.1.0.tgz. Extracting by manifest.
2689 silly tarball no local data for fast-deep-equal@https://registry.npmjs.org/fast-deep-equal/-/fast-deep-equal-3.1.3.tgz. Extracting by manifest.
2690 silly tarball no local data for csstype@https://registry.npmjs.org/csstype/-/csstype-3.1.3.tgz. Extracting by manifest.
2691 silly tarball no local data for undici-types@https://registry.npmjs.org/undici-types/-/undici-types-6.21.0.tgz. Extracting by manifest.
2692 silly tarball no local data for tar@https://registry.npmjs.org/tar/-/tar-7.5.1.tgz. Extracting by manifest.
2693 silly tarball no local data for detect-libc@https://registry.npmjs.org/detect-libc/-/detect-libc-2.1.2.tgz. Extracting by manifest.
2694 silly tarball no local data for @tailwindcss/oxide-linux-x64-gnu@https://registry.npmjs.org/@tailwindcss/oxide-linux-x64-gnu/-/oxide-linux-x64-gnu-4.1.14.tgz. Extracting by manifest.
2695 silly tarball no local data for @jridgewell/sourcemap-codec@https://registry.npmjs.org/@jridgewell/sourcemap-codec/-/sourcemap-codec-1.5.5.tgz. Extracting by manifest.
2696 silly tarball no local data for @jridgewell/resolve-uri@https://registry.npmjs.org/@jridgewell/resolve-uri/-/resolve-uri-3.1.2.tgz. Extracting by manifest.
2697 silly tarball no local data for @jridgewell/trace-mapping@https://registry.npmjs.org/@jridgewell/trace-mapping/-/trace-mapping-0.3.31.tgz. Extracting by manifest.
2698 silly tarball no local data for @jridgewell/gen-mapping@https://registry.npmjs.org/@jridgewell/gen-mapping/-/gen-mapping-0.3.13.tgz. Extracting by manifest.
2699 silly tarball no local data for source-map-js@https://registry.npmjs.org/source-map-js/-/source-map-js-1.2.1.tgz. Extracting by manifest.
2700 silly tarball no local data for magic-string@https://registry.npmjs.org/magic-string/-/magic-string-0.30.19.tgz. Extracting by manifest.
2701 silly tarball no local data for lightningcss@https://registry.npmjs.org/lightningcss/-/lightningcss-1.30.1.tgz. Extracting by manifest.
2702 silly tarball no local data for jiti@https://registry.npmjs.org/jiti/-/jiti-2.6.1.tgz. Extracting by manifest.
2703 silly tarball no local data for enhanced-resolve@https://registry.npmjs.org/enhanced-resolve/-/enhanced-resolve-5.18.3.tgz. Extracting by manifest.
2704 silly tarball no local data for @jridgewell/remapping@https://registry.npmjs.org/@jridgewell/remapping/-/remapping-2.3.5.tgz. Extracting by manifest.
2705 silly tarball no local data for postcss@https://registry.npmjs.org/postcss/-/postcss-8.5.6.tgz. Extracting by manifest.
2706 silly tarball no local data for @tailwindcss/oxide@https://registry.npmjs.org/@tailwindcss/oxide/-/oxide-4.1.14.tgz. Extracting by manifest.
2707 silly tarball no local data for @tailwindcss/node@https://registry.npmjs.org/@tailwindcss/node/-/node-4.1.14.tgz. Extracting by manifest.
2708 silly tarball no local data for @alloc/quick-lru@https://registry.npmjs.org/@alloc/quick-lru/-/quick-lru-5.2.0.tgz. Extracting by manifest.
2709 silly tarball no local data for strip-json-comments@https://registry.npmjs.org/strip-json-comments/-/strip-json-comments-3.1.1.tgz. Extracting by manifest.
2710 silly tarball no local data for minimatch@https://registry.npmjs.org/minimatch/-/minimatch-3.1.2.tgz. Extracting by manifest.
2711 silly tarball no local data for js-yaml@https://registry.npmjs.org/js-yaml/-/js-yaml-4.1.0.tgz. Extracting by manifest.
2712 silly tarball no local data for import-fresh@https://registry.npmjs.org/import-fresh/-/import-fresh-3.3.1.tgz. Extracting by manifest.
2713 silly tarball no local data for ignore@https://registry.npmjs.org/ignore/-/ignore-5.3.2.tgz. Extracting by manifest.
2714 silly tarball no local data for globals@https://registry.npmjs.org/globals/-/globals-14.0.0.tgz. Extracting by manifest.
2715 silly tarball no local data for espree@https://registry.npmjs.org/espree/-/espree-10.4.0.tgz. Extracting by manifest.
2716 silly tarball no local data for debug@https://registry.npmjs.org/debug/-/debug-4.4.3.tgz. Extracting by manifest.
2717 silly tarball no local data for ajv@https://registry.npmjs.org/ajv/-/ajv-6.12.6.tgz. Extracting by manifest.
2718 silly tarball no local data for typescript@https://registry.npmjs.org/typescript/-/typescript-5.9.3.tgz. Extracting by manifest.
2719 silly tarball no local data for tailwindcss@https://registry.npmjs.org/tailwindcss/-/tailwindcss-4.1.14.tgz. Extracting by manifest.
2720 silly tarball no local data for react-dom@https://registry.npmjs.org/react-dom/-/react-dom-19.1.0.tgz. Extracting by manifest.
2721 silly tarball no local data for react@https://registry.npmjs.org/react/-/react-19.1.0.tgz. Extracting by manifest.
2722 silly tarball no local data for next@https://registry.npmjs.org/next/-/next-15.5.4.tgz. Extracting by manifest.
2723 silly tarball no local data for eslint-config-next@https://registry.npmjs.org/eslint-config-next/-/eslint-config-next-15.5.4.tgz. Extracting by manifest.
2724 silly tarball no local data for eslint@https://registry.npmjs.org/eslint/-/eslint-9.37.0.tgz. Extracting by manifest.
2725 silly tarball no local data for @types/react-dom@https://registry.npmjs.org/@types/react-dom/-/react-dom-19.2.1.tgz. Extracting by manifest.
2726 silly tarball no local data for @types/react@https://registry.npmjs.org/@types/react/-/react-19.2.2.tgz. Extracting by manifest.
2727 silly tarball no local data for @types/node@https://registry.npmjs.org/@types/node/-/node-20.19.21.tgz. Extracting by manifest.
2728 silly tarball no local data for @tailwindcss/postcss@https://registry.npmjs.org/@tailwindcss/postcss/-/postcss-4.1.14.tgz. Extracting by manifest.
2729 silly tarball no local data for @eslint/eslintrc@https://registry.npmjs.org/@eslint/eslintrc/-/eslintrc-3.3.1.tgz. Extracting by manifest.
2730 silly tarball no local data for debug@https://registry.npmjs.org/debug/-/debug-3.2.7.tgz. Extracting by manifest.
2731 silly tarball no local data for picomatch@https://registry.npmjs.org/picomatch/-/picomatch-4.0.3.tgz. Extracting by manifest.
2732 silly tarball no local data for fdir@https://registry.npmjs.org/fdir/-/fdir-6.5.0.tgz. Extracting by manifest.
2733 silly tarball no local data for brace-expansion@https://registry.npmjs.org/brace-expansion/-/brace-expansion-2.0.2.tgz. Extracting by manifest.
2734 silly tarball no local data for glob-parent@https://registry.npmjs.org/glob-parent/-/glob-parent-5.1.2.tgz. Extracting by manifest.
2735 silly tarball no local data for fast-glob@https://registry.npmjs.org/fast-glob/-/fast-glob-3.3.3.tgz. Extracting by manifest.
2736 silly tarball no local data for minimatch@https://registry.npmjs.org/minimatch/-/minimatch-9.0.5.tgz. Extracting by manifest.
2737 silly tarball no local data for glob-parent@https://registry.npmjs.org/glob-parent/-/glob-parent-5.1.2.tgz. Extracting by manifest.
2738 silly tarball no local data for semver@https://registry.npmjs.org/semver/-/semver-6.3.1.tgz. Extracting by manifest.
2739 silly tarball no local data for semver@https://registry.npmjs.org/semver/-/semver-6.3.1.tgz. Extracting by manifest.
2740 silly tarball no local data for resolve@https://registry.npmjs.org/resolve/-/resolve-2.0.0-next.5.tgz. Extracting by manifest.
2741 silly tarball no local data for debug@https://registry.npmjs.org/debug/-/debug-3.2.7.tgz. Extracting by manifest.
2742 silly tarball no local data for debug@https://registry.npmjs.org/debug/-/debug-3.2.7.tgz. Extracting by manifest.
2743 silly tarball no local data for ignore@https://registry.npmjs.org/ignore/-/ignore-7.0.5.tgz. Extracting by manifest.
2744 silly tarball no local data for eslint-visitor-keys@https://registry.npmjs.org/eslint-visitor-keys/-/eslint-visitor-keys-3.4.3.tgz. Extracting by manifest.
2745 silly tarball no local data for postcss@https://registry.npmjs.org/postcss/-/postcss-8.4.31.tgz. Extracting by manifest.
2746 http fetch POST 200 https://registry.npmjs.org/-/npm/v1/security/advisories/bulk 20847ms
2747 silly audit report {}
2748 http fetch GET 200 https://registry.npmjs.org/is-map/-/is-map-2.0.3.tgz 1003ms (cache miss)
2749 http fetch GET 200 https://registry.npmjs.org/is-boolean-object/-/is-boolean-object-1.2.2.tgz 985ms (cache miss)
2750 http fetch GET 200 https://registry.npmjs.org/which-collection/-/which-collection-1.0.2.tgz 1013ms (cache miss)
2751 http fetch GET 200 https://registry.npmjs.org/is-bigint/-/is-bigint-1.1.0.tgz 1009ms (cache miss)
2752 http fetch GET 200 https://registry.npmjs.org/is-weakset/-/is-weakset-2.0.4.tgz 1038ms (cache miss)
2753 http fetch GET 200 https://registry.npmjs.org/generator-function/-/generator-function-2.0.1.tgz 1030ms (cache miss)
2754 http fetch GET 200 https://registry.npmjs.org/is-generator-function/-/is-generator-function-1.1.2.tgz 1022ms (cache miss)
2755 http fetch GET 200 https://registry.npmjs.org/is-weakmap/-/is-weakmap-2.0.2.tgz 1040ms (cache miss)
2756 http fetch GET 200 https://registry.npmjs.org/is-finalizationregistry/-/is-finalizationregistry-1.1.1.tgz 1020ms (cache miss)
2757 http fetch GET 200 https://registry.npmjs.org/async-function/-/async-function-1.0.0.tgz 1034ms (cache miss)
2758 http fetch GET 200 https://registry.npmjs.org/is-async-function/-/is-async-function-2.1.1.tgz 1008ms (cache miss)
2759 http fetch GET 200 https://registry.npmjs.org/has-bigints/-/has-bigints-1.1.0.tgz 996ms (cache miss)
2760 http fetch GET 200 https://registry.npmjs.org/which-builtin-type/-/which-builtin-type-1.2.1.tgz 998ms (cache miss)
2761 http fetch GET 200 https://registry.npmjs.org/napi-postinstall/-/napi-postinstall-0.3.4.tgz 1014ms (cache miss)
2762 http fetch GET 200 https://registry.npmjs.org/strip-bom/-/strip-bom-3.0.0.tgz 997ms (cache miss)
2763 http fetch GET 200 https://registry.npmjs.org/for-each/-/for-each-0.3.5.tgz 1000ms (cache miss)
2764 http fetch GET 200 https://registry.npmjs.org/reflect.getprototypeof/-/reflect.getprototypeof-1.0.10.tgz 1003ms (cache miss)
2765 http fetch GET 200 https://registry.npmjs.org/which-boxed-primitive/-/which-boxed-primitive-1.1.1.tgz 1020ms (cache miss)
2766 http fetch GET 200 https://registry.npmjs.org/yallist/-/yallist-5.0.0.tgz 1004ms (cache miss)
2767 http fetch GET 200 https://registry.npmjs.org/is-number/-/is-number-7.0.0.tgz 1009ms (cache miss)
2768 http fetch GET 200 https://registry.npmjs.org/chownr/-/chownr-3.0.0.tgz 1017ms (cache miss)
2769 http fetch GET 200 https://registry.npmjs.org/@types/json5/-/json5-0.0.29.tgz 1036ms (cache miss)
2770 http fetch GET 200 https://registry.npmjs.org/isexe/-/isexe-2.0.0.tgz 1081ms (cache miss)
2771 http fetch GET 200 https://registry.npmjs.org/punycode/-/punycode-2.3.1.tgz 1080ms (cache miss)
2772 http fetch GET 200 https://registry.npmjs.org/json5/-/json5-1.0.2.tgz 1049ms (cache miss)
2773 http fetch GET 200 https://registry.npmjs.org/is-number-object/-/is-number-object-1.1.1.tgz 1090ms (cache miss)
2774 http fetch GET 200 https://registry.npmjs.org/minimist/-/minimist-1.2.8.tgz 1062ms (cache miss)
2775 http fetch GET 200 https://registry.npmjs.org/side-channel-map/-/side-channel-map-1.0.1.tgz 1028ms (cache miss)
2776 http fetch GET 200 https://registry.npmjs.org/has-flag/-/has-flag-4.0.0.tgz 1042ms (cache miss)
2777 http fetch GET 200 https://registry.npmjs.org/client-only/-/client-only-0.0.1.tgz 1035ms (cache miss)
2778 http fetch GET 200 https://registry.npmjs.org/side-channel-list/-/side-channel-list-1.0.0.tgz 1027ms (cache miss)
2779 http fetch GET 200 https://registry.npmjs.org/side-channel-weakmap/-/side-channel-weakmap-1.0.2.tgz 1033ms (cache miss)
2780 http fetch GET 200 https://registry.npmjs.org/@isaacs/fs-minipass/-/fs-minipass-4.0.1.tgz 1047ms (cache miss)
2781 http fetch GET 200 https://registry.npmjs.org/shebang-regex/-/shebang-regex-3.0.0.tgz 1026ms (cache miss)
2782 http fetch GET 200 https://registry.npmjs.org/isarray/-/isarray-2.0.5.tgz 1016ms (cache miss)
2783 http fetch GET 200 https://registry.npmjs.org/minizlib/-/minizlib-3.1.0.tgz 1056ms (cache miss)
2784 http fetch GET 200 https://registry.npmjs.org/minipass/-/minipass-7.1.2.tgz 1060ms (cache miss)
2785 http fetch GET 200 https://registry.npmjs.org/path-parse/-/path-parse-1.0.7.tgz 1055ms (cache miss)
2786 http fetch GET 200 https://registry.npmjs.org/@img/colour/-/colour-1.0.0.tgz 1080ms (cache miss)
2787 http fetch GET 200 https://registry.npmjs.org/object-assign/-/object-assign-4.1.1.tgz 1034ms (cache miss)
2788 http fetch GET 200 https://registry.npmjs.org/js-tokens/-/js-tokens-4.0.0.tgz 1046ms (cache miss)
2789 http fetch GET 200 https://registry.npmjs.org/scheduler/-/scheduler-0.26.0.tgz 1053ms (cache miss)
2790 http fetch GET 200 https://registry.npmjs.org/picocolors/-/picocolors-1.1.1.tgz 1031ms (cache miss)
2791 http fetch GET 200 https://registry.npmjs.org/queue-microtask/-/queue-microtask-1.2.3.tgz 1080ms (cache miss)
2792 http fetch GET 200 https://registry.npmjs.org/react-is/-/react-is-16.13.1.tgz 1046ms (cache miss)
2793 http fetch GET 200 https://registry.npmjs.org/loose-envify/-/loose-envify-1.4.0.tgz 1021ms (cache miss)
2794 http fetch GET 200 https://registry.npmjs.org/supports-preserve-symlinks-flag/-/supports-preserve-symlinks-flag-1.0.0.tgz 1072ms (cache miss)
2795 http fetch GET 200 https://registry.npmjs.org/@emnapi/wasi-threads/-/wasi-threads-1.1.0.tgz 1172ms (cache miss)
2796 http fetch GET 200 https://registry.npmjs.org/@tybys/wasm-util/-/wasm-util-0.10.1.tgz 1190ms (cache miss)
2797 http fetch GET 200 https://registry.npmjs.org/callsites/-/callsites-3.1.0.tgz 1046ms (cache miss)
2798 http fetch GET 200 https://registry.npmjs.org/nanoid/-/nanoid-3.3.11.tgz 1049ms (cache miss)
2799 http fetch GET 200 https://registry.npmjs.org/yocto-queue/-/yocto-queue-0.1.0.tgz 1089ms (cache miss)
2800 http fetch GET 200 https://registry.npmjs.org/fast-levenshtein/-/fast-levenshtein-2.0.6.tgz 1086ms (cache miss)
2801 http fetch GET 200 https://registry.npmjs.org/deep-is/-/deep-is-0.1.4.tgz 1083ms (cache miss)
2802 http fetch GET 200 https://registry.npmjs.org/p-limit/-/p-limit-3.1.0.tgz 1090ms (cache miss)
2803 http fetch GET 200 https://registry.npmjs.org/word-wrap/-/word-wrap-1.2.5.tgz 1088ms (cache miss)
2804 http fetch GET 200 https://registry.npmjs.org/tslib/-/tslib-2.8.1.tgz 1090ms (cache miss)
2805 http fetch GET 200 https://registry.npmjs.org/@emnapi/core/-/core-1.5.0.tgz 1245ms (cache miss)
2806 http fetch GET 200 https://registry.npmjs.org/@emnapi/runtime/-/runtime-1.5.0.tgz 1188ms (cache miss)
2807 http fetch GET 200 https://registry.npmjs.org/@unrs/resolver-binding-linux-x64-gnu/-/resolver-binding-linux-x64-gnu-1.11.1.tgz 1254ms (cache miss)
2808 http fetch GET 200 https://registry.npmjs.org/sharp/-/sharp-0.34.4.tgz 1116ms (cache miss)
2809 http fetch GET 200 https://registry.npmjs.org/brace-expansion/-/brace-expansion-1.1.12.tgz 1192ms (cache miss)
2810 http fetch GET 200 https://registry.npmjs.org/p-locate/-/p-locate-5.0.0.tgz 1259ms (cache miss)
2811 http fetch GET 200 https://registry.npmjs.org/balanced-match/-/balanced-match-1.0.2.tgz 1269ms (cache miss)
2812 http fetch GET 200 https://registry.npmjs.org/concat-map/-/concat-map-0.0.1.tgz 1271ms (cache miss)
2813 http fetch GET 200 https://registry.npmjs.org/to-regex-range/-/to-regex-range-5.0.1.tgz 1270ms (cache miss)
2814 http fetch GET 200 https://registry.npmjs.org/picomatch/-/picomatch-2.3.1.tgz 1300ms (cache miss)
2815 http fetch GET 200 https://registry.npmjs.org/@next/env/-/env-15.5.4.tgz 1372ms (cache miss)
2816 http fetch GET 200 https://registry.npmjs.org/fill-range/-/fill-range-7.1.1.tgz 1499ms (cache miss)
2817 http fetch GET 200 https://registry.npmjs.org/type-check/-/type-check-0.4.0.tgz 1510ms (cache miss)
2818 http fetch GET 200 https://registry.npmjs.org/set-function-name/-/set-function-name-2.0.2.tgz 1504ms (cache miss)
2819 http fetch GET 200 https://registry.npmjs.org/argparse/-/argparse-2.0.1.tgz 1513ms (cache miss)
2820 http fetch GET 200 https://registry.npmjs.org/prelude-ls/-/prelude-ls-1.2.1.tgz 1521ms (cache miss)
2821 http fetch GET 200 https://registry.npmjs.org/json-buffer/-/json-buffer-3.0.1.tgz 1532ms (cache miss)
2822 http fetch GET 200 https://registry.npmjs.org/functions-have-names/-/functions-have-names-1.2.3.tgz 1519ms (cache miss)
2823 http fetch GET 200 https://registry.npmjs.org/parent-module/-/parent-module-1.0.1.tgz 1530ms (cache miss)
2824 http fetch GET 200 https://registry.npmjs.org/is-extglob/-/is-extglob-2.1.1.tgz 1529ms (cache miss)
2825 http fetch GET 200 https://registry.npmjs.org/resolve-from/-/resolve-from-4.0.0.tgz 1544ms (cache miss)
2826 http fetch GET 200 https://registry.npmjs.org/side-channel/-/side-channel-1.1.0.tgz 1549ms (cache miss)
2827 http fetch GET 200 https://registry.npmjs.org/resolve-pkg-maps/-/resolve-pkg-maps-1.0.0.tgz 1542ms (cache miss)
2828 http fetch GET 200 https://registry.npmjs.org/dunder-proto/-/dunder-proto-1.0.1.tgz 1539ms (cache miss)
2829 http fetch GET 200 https://registry.npmjs.org/keyv/-/keyv-4.5.4.tgz 1540ms (cache miss)
2830 http fetch GET 200 https://registry.npmjs.org/braces/-/braces-3.0.3.tgz 1585ms (cache miss)
2831 http fetch GET 200 https://registry.npmjs.org/fastq/-/fastq-1.19.1.tgz 1594ms (cache miss)
2832 http fetch GET 200 https://registry.npmjs.org/run-parallel/-/run-parallel-1.2.0.tgz 1599ms (cache miss)
2833 http fetch GET 200 https://registry.npmjs.org/locate-path/-/locate-path-6.0.0.tgz 1604ms (cache miss)
2834 http fetch GET 200 https://registry.npmjs.org/reusify/-/reusify-1.1.0.tgz 1607ms (cache miss)
2835 http fetch GET 200 https://registry.npmjs.org/path-exists/-/path-exists-4.0.0.tgz 1610ms (cache miss)
2836 http fetch GET 200 https://registry.npmjs.org/flat-cache/-/flat-cache-4.0.1.tgz 1604ms (cache miss)
2837 http fetch GET 200 https://registry.npmjs.org/acorn-jsx/-/acorn-jsx-5.3.2.tgz 1678ms (cache miss)
2838 http fetch GET 200 https://registry.npmjs.org/merge2/-/merge2-1.4.1.tgz 1687ms (cache miss)
2839 http fetch GET 200 https://registry.npmjs.org/string.prototype.repeat/-/string.prototype.repeat-1.0.0.tgz 1674ms (cache miss)
2840 http fetch GET 200 https://registry.npmjs.org/language-subtag-registry/-/language-subtag-registry-0.3.23.tgz 1737ms (cache miss)
2841 http fetch GET 200 https://registry.npmjs.org/esrecurse/-/esrecurse-4.3.0.tgz 1678ms (cache miss)
2842 http fetch GET 200 https://registry.npmjs.org/@nodelib/fs.scandir/-/fs.scandir-2.1.5.tgz 1713ms (cache miss)
2843 http fetch GET 200 https://registry.npmjs.org/iterator.prototype/-/iterator.prototype-1.1.5.tgz 1687ms (cache miss)
2844 http fetch GET 200 https://registry.npmjs.org/@nodelib/fs.walk/-/fs.walk-1.2.8.tgz 1718ms (cache miss)
2845 http fetch GET 200 https://registry.npmjs.org/@napi-rs/wasm-runtime/-/wasm-runtime-0.2.12.tgz 1958ms (cache miss)
2846 http fetch GET 200 https://registry.npmjs.org/acorn/-/acorn-8.15.0.tgz 1719ms (cache miss)
2847 http fetch GET 200 https://registry.npmjs.org/estraverse/-/estraverse-5.3.0.tgz 1751ms (cache miss)
2848 http fetch GET 200 https://registry.npmjs.org/array.prototype.tosorted/-/array.prototype.tosorted-1.1.4.tgz 1754ms (cache miss)
2849 http fetch GET 200 https://registry.npmjs.org/@nodelib/fs.stat/-/fs.stat-2.0.5.tgz 1798ms (cache miss)
2850 http fetch GET 200 https://registry.npmjs.org/object.entries/-/object.entries-1.1.9.tgz 1773ms (cache miss)
2851 http fetch GET 200 https://registry.npmjs.org/prop-types/-/prop-types-15.8.1.tgz 1785ms (cache miss)
2852 http fetch GET 200 https://registry.npmjs.org/string.prototype.matchall/-/string.prototype.matchall-4.0.12.tgz 1807ms (cache miss)
2853 http fetch GET 200 https://registry.npmjs.org/caniuse-lite/-/caniuse-lite-1.0.30001750.tgz 1912ms (cache miss)
2854 http fetch GET 200 https://registry.npmjs.org/language-tags/-/language-tags-1.0.9.tgz 1797ms (cache miss)
2855 http fetch GET 200 https://registry.npmjs.org/string.prototype.includes/-/string.prototype.includes-2.0.1.tgz 1800ms (cache miss)
2856 http fetch GET 200 https://registry.npmjs.org/array.prototype.findlast/-/array.prototype.findlast-1.2.5.tgz 1807ms (cache miss)
2857 http fetch GET 200 https://registry.npmjs.org/flatted/-/flatted-3.3.3.tgz 1869ms (cache miss)
2858 http fetch GET 200 https://registry.npmjs.org/damerau-levenshtein/-/damerau-levenshtein-1.0.8.tgz 1795ms (cache miss)
2859 http fetch GET 200 https://registry.npmjs.org/emoji-regex/-/emoji-regex-9.2.2.tgz 1843ms (cache miss)
2860 http fetch GET 200 https://registry.npmjs.org/ast-types-flow/-/ast-types-flow-0.0.8.tgz 1864ms (cache miss)
2861 http fetch GET 200 https://registry.npmjs.org/micromatch/-/micromatch-4.0.8.tgz 1931ms (cache miss)
2862 http fetch GET 200 https://registry.npmjs.org/is-date-object/-/is-date-object-1.1.0.tgz 1863ms (cache miss)
2863 http fetch GET 200 https://registry.npmjs.org/es-iterator-helpers/-/es-iterator-helpers-1.2.1.tgz 1900ms (cache miss)
2864 http fetch GET 200 https://registry.npmjs.org/has-tostringtag/-/has-tostringtag-1.0.2.tgz 1863ms (cache miss)
2865 http fetch GET 200 https://registry.npmjs.org/possible-typed-array-names/-/possible-typed-array-names-1.1.0.tgz 1862ms (cache miss)
2866 http fetch GET 200 https://registry.npmjs.org/unbox-primitive/-/unbox-primitive-1.1.0.tgz 1900ms (cache miss)
2867 http fetch GET 200 https://registry.npmjs.org/which-typed-array/-/which-typed-array-1.1.19.tgz 1920ms (cache miss)
2868 http fetch GET 200 https://registry.npmjs.org/typed-array-byte-offset/-/typed-array-byte-offset-1.0.4.tgz 1917ms (cache miss)
2869 http fetch GET 200 https://registry.npmjs.org/typed-array-buffer/-/typed-array-buffer-1.0.3.tgz 1912ms (cache miss)
2870 http fetch GET 200 https://registry.npmjs.org/typed-array-length/-/typed-array-length-1.0.7.tgz 1924ms (cache miss)
2871 http fetch GET 200 https://registry.npmjs.org/string.prototype.trimstart/-/string.prototype.trimstart-1.0.8.tgz 1918ms (cache miss)
2872 http fetch GET 200 https://registry.npmjs.org/@img/sharp-linux-x64/-/sharp-linux-x64-0.34.4.tgz 2181ms (cache miss)
2873 http fetch GET 200 https://registry.npmjs.org/string.prototype.trim/-/string.prototype.trim-1.2.10.tgz 1925ms (cache miss)
2874 http fetch GET 200 https://registry.npmjs.org/jsx-ast-utils/-/jsx-ast-utils-3.3.5.tgz 1976ms (cache miss)
2875 http fetch GET 200 https://registry.npmjs.org/axobject-query/-/axobject-query-4.1.0.tgz 1965ms (cache miss)
2876 http fetch GET 200 https://registry.npmjs.org/aria-query/-/aria-query-5.3.2.tgz 1996ms (cache miss)
2877 http fetch GET 200 https://registry.npmjs.org/@swc/helpers/-/helpers-0.5.15.tgz 2174ms (cache miss)
2878 http fetch GET 200 https://registry.npmjs.org/stop-iteration-iterator/-/stop-iteration-iterator-1.1.0.tgz 2023ms (cache miss)
2879 http fetch GET 200 https://registry.npmjs.org/styled-jsx/-/styled-jsx-5.1.6.tgz 2202ms (cache miss)
2880 http fetch GET 200 https://registry.npmjs.org/safe-regex-test/-/safe-regex-test-1.1.0.tgz 2027ms (cache miss)
2881 http fetch GET 200 https://registry.npmjs.org/set-proto/-/set-proto-1.0.0.tgz 2029ms (cache miss)
2882 http fetch GET 200 https://registry.npmjs.org/safe-push-apply/-/safe-push-apply-1.0.0.tgz 2025ms (cache miss)
2883 http fetch GET 200 https://registry.npmjs.org/own-keys/-/own-keys-1.0.1.tgz 2021ms (cache miss)
2884 http fetch GET 200 https://registry.npmjs.org/safe-array-concat/-/safe-array-concat-1.1.3.tgz 2026ms (cache miss)
2885 http fetch GET 200 https://registry.npmjs.org/typed-array-byte-length/-/typed-array-byte-length-1.0.3.tgz 2042ms (cache miss)
2886 http fetch GET 200 https://registry.npmjs.org/regexp.prototype.flags/-/regexp.prototype.flags-1.5.4.tgz 2031ms (cache miss)
2887 http fetch GET 200 https://registry.npmjs.org/axe-core/-/axe-core-4.11.0.tgz 2072ms (cache miss)
2888 http fetch GET 200 https://registry.npmjs.org/object.assign/-/object.assign-4.1.7.tgz 2036ms (cache miss)
2889 http fetch GET 200 https://registry.npmjs.org/object-inspect/-/object-inspect-1.13.4.tgz 2063ms (cache miss)
2890 http fetch GET 200 https://registry.npmjs.org/is-symbol/-/is-symbol-1.1.1.tgz 2100ms (cache miss)
2891 http fetch GET 200 https://registry.npmjs.org/is-typed-array/-/is-typed-array-1.1.15.tgz 2062ms (cache miss)
2892 http fetch GET 200 https://registry.npmjs.org/is-shared-array-buffer/-/is-shared-array-buffer-1.0.4.tgz 2060ms (cache miss)
2893 http fetch GET 200 https://registry.npmjs.org/is-weakref/-/is-weakref-1.1.1.tgz 2063ms (cache miss)
2894 http fetch GET 200 https://registry.npmjs.org/is-negative-zero/-/is-negative-zero-2.0.3.tgz 2058ms (cache miss)
2895 http fetch GET 200 https://registry.npmjs.org/internal-slot/-/internal-slot-1.1.0.tgz 2116ms (cache miss)
2896 http fetch GET 200 https://registry.npmjs.org/has-symbols/-/has-symbols-1.1.0.tgz 2115ms (cache miss)
2897 http fetch GET 200 https://registry.npmjs.org/has-proto/-/has-proto-1.2.0.tgz 2114ms (cache miss)
2898 http fetch GET 200 https://registry.npmjs.org/is-callable/-/is-callable-1.2.7.tgz 2122ms (cache miss)
2899 http fetch GET 200 https://registry.npmjs.org/is-array-buffer/-/is-array-buffer-3.0.5.tgz 2121ms (cache miss)
2900 http fetch GET 200 https://registry.npmjs.org/globalthis/-/globalthis-1.0.4.tgz 2112ms (cache miss)
2901 http fetch GET 200 https://registry.npmjs.org/get-symbol-description/-/get-symbol-description-1.1.0.tgz 2116ms (cache miss)
2902 http fetch GET 200 https://registry.npmjs.org/function.prototype.name/-/function.prototype.name-1.1.8.tgz 2115ms (cache miss)
2903 http fetch GET 200 https://registry.npmjs.org/get-proto/-/get-proto-1.0.1.tgz 2134ms (cache miss)
2904 http fetch GET 200 https://registry.npmjs.org/es-to-primitive/-/es-to-primitive-1.3.0.tgz 2135ms (cache miss)
2905 http fetch GET 200 https://registry.npmjs.org/es-set-tostringtag/-/es-set-tostringtag-2.1.0.tgz 2170ms (cache miss)
2906 http fetch GET 200 https://registry.npmjs.org/data-view-buffer/-/data-view-buffer-1.0.2.tgz 2168ms (cache miss)
2907 http fetch GET 200 https://registry.npmjs.org/data-view-byte-offset/-/data-view-byte-offset-1.0.1.tgz 2170ms (cache miss)
2908 http fetch GET 200 https://registry.npmjs.org/array-buffer-byte-length/-/array-buffer-byte-length-1.0.2.tgz 2169ms (cache miss)
2909 http fetch GET 200 https://registry.npmjs.org/gopd/-/gopd-1.2.0.tgz 2172ms (cache miss)
2910 http fetch GET 200 https://registry.npmjs.org/arraybuffer.prototype.slice/-/arraybuffer.prototype.slice-1.0.4.tgz 2177ms (cache miss)
2911 http fetch GET 200 https://registry.npmjs.org/object-keys/-/object-keys-1.1.1.tgz 2227ms (cache miss)
2912 http fetch GET 200 https://registry.npmjs.org/has-property-descriptors/-/has-property-descriptors-1.0.2.tgz 2226ms (cache miss)
2913 http fetch GET 200 https://registry.npmjs.org/function-bind/-/function-bind-1.1.2.tgz 2225ms (cache miss)
2914 http fetch GET 200 https://registry.npmjs.org/set-function-length/-/set-function-length-1.2.2.tgz 2224ms (cache miss)
2915 http fetch GET 200 https://registry.npmjs.org/es-define-property/-/es-define-property-1.0.1.tgz 2222ms (cache miss)
2916 http fetch GET 200 https://registry.npmjs.org/define-data-property/-/define-data-property-1.1.4.tgz 2229ms (cache miss)
2917 http fetch GET 200 https://registry.npmjs.org/lightningcss-linux-x64-gnu/-/lightningcss-linux-x64-gnu-1.30.1.tgz 2452ms (cache miss)
2918 http fetch GET 200 https://registry.npmjs.org/is-data-view/-/is-data-view-1.0.2.tgz 2311ms (cache miss)
2919 http fetch GET 200 https://registry.npmjs.org/es-errors/-/es-errors-1.3.0.tgz 2254ms (cache miss)
2920 http fetch GET 200 https://registry.npmjs.org/is-regex/-/is-regex-1.2.1.tgz 2361ms (cache miss)
2921 http fetch GET 200 https://registry.npmjs.org/is-string/-/is-string-1.1.1.tgz 2430ms (cache miss)
2922 http fetch GET 200 https://registry.npmjs.org/es-shim-unscopables/-/es-shim-unscopables-1.1.0.tgz 2439ms (cache miss)
2923 http fetch GET 200 https://registry.npmjs.org/es-object-atoms/-/es-object-atoms-1.1.1.tgz 2426ms (cache miss)
2924 http fetch GET 200 https://registry.npmjs.org/get-intrinsic/-/get-intrinsic-1.3.0.tgz 2437ms (cache miss)
2925 http fetch GET 200 https://registry.npmjs.org/is-set/-/is-set-2.0.3.tgz 2680ms (cache miss)
2926 http fetch GET 200 https://registry.npmjs.org/available-typed-arrays/-/available-typed-arrays-1.0.7.tgz 2671ms (cache miss)
2927 http fetch GET 200 https://registry.npmjs.org/hasown/-/hasown-2.0.2.tgz 2617ms (cache miss)
2928 http fetch GET 200 https://registry.npmjs.org/call-bind/-/call-bind-1.0.8.tgz 2626ms (cache miss)
2929 http fetch GET 200 https://registry.npmjs.org/object.values/-/object.values-1.2.1.tgz 2616ms (cache miss)
2930 http fetch GET 200 https://registry.npmjs.org/define-properties/-/define-properties-1.2.1.tgz 2716ms (cache miss)
2931 http fetch GET 200 https://registry.npmjs.org/object.fromentries/-/object.fromentries-2.0.8.tgz 2726ms (cache miss)
2932 http fetch GET 200 https://registry.npmjs.org/string.prototype.trimend/-/string.prototype.trimend-1.0.9.tgz 2732ms (cache miss)
2933 http fetch GET 200 https://registry.npmjs.org/array.prototype.flatmap/-/array.prototype.flatmap-1.3.3.tgz 2720ms (cache miss)
2934 http fetch GET 200 https://registry.npmjs.org/call-bind-apply-helpers/-/call-bind-apply-helpers-1.0.2.tgz 2768ms (cache miss)
2935 http fetch GET 200 https://registry.npmjs.org/array.prototype.flat/-/array.prototype.flat-1.3.3.tgz 2726ms (cache miss)
2936 http fetch GET 200 https://registry.npmjs.org/unrs-resolver/-/unrs-resolver-1.11.1.tgz 2712ms (cache miss)
2937 http fetch GET 200 https://registry.npmjs.org/tinyglobby/-/tinyglobby-0.2.15.tgz 2706ms (cache miss)
2938 http fetch GET 200 https://registry.npmjs.org/stable-hash/-/stable-hash-0.0.5.tgz 2710ms (cache miss)
2939 http fetch GET 200 https://registry.npmjs.org/data-view-byte-length/-/data-view-byte-length-1.0.2.tgz 2801ms (cache miss)
2940 http fetch GET 200 https://registry.npmjs.org/@rtsao/scc/-/scc-1.1.0.tgz 2753ms (cache miss)
2941 http fetch GET 200 https://registry.npmjs.org/doctrine/-/doctrine-2.1.0.tgz 2776ms (cache miss)
2942 http fetch GET 200 https://registry.npmjs.org/array.prototype.findlastindex/-/array.prototype.findlastindex-1.2.6.tgz 2768ms (cache miss)
2943 http fetch GET 200 https://registry.npmjs.org/array-includes/-/array-includes-3.1.9.tgz 2777ms (cache miss)
2944 http fetch GET 200 https://registry.npmjs.org/is-core-module/-/is-core-module-2.16.1.tgz 2754ms (cache miss)
2945 http fetch GET 200 https://registry.npmjs.org/@typescript-eslint/project-service/-/project-service-8.46.0.tgz 2748ms (cache miss)
2946 http fetch GET 200 https://registry.npmjs.org/object.groupby/-/object.groupby-1.0.3.tgz 2790ms (cache miss)
2947 http fetch GET 200 https://registry.npmjs.org/@typescript-eslint/tsconfig-utils/-/tsconfig-utils-8.46.0.tgz 2770ms (cache miss)
2948 http fetch GET 200 https://registry.npmjs.org/@nolyfill/is-core-module/-/is-core-module-1.0.39.tgz 2781ms (cache miss)
2949 http fetch GET 200 https://registry.npmjs.org/is-bun-module/-/is-bun-module-2.0.0.tgz 2790ms (cache miss)
2950 http fetch GET 200 https://registry.npmjs.org/call-bound/-/call-bound-1.0.4.tgz 2836ms (cache miss)
2951 http fetch GET 200 https://registry.npmjs.org/math-intrinsics/-/math-intrinsics-1.1.0.tgz 2861ms (cache miss)
2952 http fetch GET 200 https://registry.npmjs.org/@typescript-eslint/visitor-keys/-/visitor-keys-8.46.0.tgz 2769ms (cache miss)
2953 http fetch GET 200 https://registry.npmjs.org/get-tsconfig/-/get-tsconfig-4.12.0.tgz 2797ms (cache miss)
2954 http fetch GET 200 https://registry.npmjs.org/eslint-module-utils/-/eslint-module-utils-2.12.1.tgz 2872ms (cache miss)
2955 http fetch GET 200 https://registry.npmjs.org/@typescript-eslint/types/-/types-8.46.0.tgz 2824ms (cache miss)
2956 http fetch GET 200 https://registry.npmjs.org/eslint-import-resolver-node/-/eslint-import-resolver-node-0.3.9.tgz 2794ms (cache miss)
2957 http fetch GET 200 https://registry.npmjs.org/eslint-import-resolver-typescript/-/eslint-import-resolver-typescript-3.10.1.tgz 2809ms (cache miss)
2958 http fetch GET 200 https://registry.npmjs.org/shebang-command/-/shebang-command-2.0.0.tgz 2809ms (cache miss)
2959 http fetch GET 200 https://registry.npmjs.org/ts-api-utils/-/ts-api-utils-2.1.0.tgz 2848ms (cache miss)
2960 http fetch GET 200 https://registry.npmjs.org/eslint-plugin-react-hooks/-/eslint-plugin-react-hooks-5.2.0.tgz 2823ms (cache miss)
2961 http fetch GET 200 https://registry.npmjs.org/@typescript-eslint/parser/-/parser-8.46.0.tgz 2819ms (cache miss)
2962 http fetch GET 200 https://registry.npmjs.org/which/-/which-2.0.2.tgz 2816ms (cache miss)
2963 http fetch GET 200 https://registry.npmjs.org/path-key/-/path-key-3.1.1.tgz 2816ms (cache miss)
2964 http fetch GET 200 https://registry.npmjs.org/color-name/-/color-name-1.1.4.tgz 2824ms (cache miss)
2965 http fetch GET 200 https://registry.npmjs.org/semver/-/semver-7.7.3.tgz 2925ms (cache miss)
2966 http fetch GET 200 https://registry.npmjs.org/@typescript-eslint/type-utils/-/type-utils-8.46.0.tgz 2908ms (cache miss)
2967 http fetch GET 200 https://registry.npmjs.org/supports-color/-/supports-color-7.2.0.tgz 2879ms (cache miss)
2968 http fetch GET 200 https://registry.npmjs.org/levn/-/levn-0.4.1.tgz 2878ms (cache miss)
2969 http fetch GET 200 https://registry.npmjs.org/optionator/-/optionator-0.9.4.tgz 2876ms (cache miss)
2970 http fetch GET 200 https://registry.npmjs.org/ansi-styles/-/ansi-styles-4.3.0.tgz 2879ms (cache miss)
2971 http fetch GET 200 https://registry.npmjs.org/graphemer/-/graphemer-1.4.0.tgz 2926ms (cache miss)
2972 http fetch GET 200 https://registry.npmjs.org/natural-compare/-/natural-compare-1.4.0.tgz 2883ms (cache miss)
2973 http fetch GET 200 https://registry.npmjs.org/color-convert/-/color-convert-2.0.1.tgz 2896ms (cache miss)
2974 http fetch GET 200 https://registry.npmjs.org/fast-glob/-/fast-glob-3.3.1.tgz 2929ms (cache miss)
2975 http fetch GET 200 https://registry.npmjs.org/tsconfig-paths/-/tsconfig-paths-3.15.0.tgz 3022ms (cache miss)
2976 http fetch GET 200 https://registry.npmjs.org/json-stable-stringify-without-jsonify/-/json-stable-stringify-without-jsonify-1.0.1.tgz 2950ms (cache miss)
2977 http fetch GET 200 https://registry.npmjs.org/file-entry-cache/-/file-entry-cache-8.0.0.tgz 2940ms (cache miss)
2978 http fetch GET 200 https://registry.npmjs.org/is-glob/-/is-glob-4.0.3.tgz 2943ms (cache miss)
2979 http fetch GET 200 https://registry.npmjs.org/glob-parent/-/glob-parent-6.0.2.tgz 2942ms (cache miss)
2980 http fetch GET 200 https://registry.npmjs.org/find-up/-/find-up-5.0.0.tgz 2941ms (cache miss)
2981 http fetch GET 200 https://registry.npmjs.org/lodash.merge/-/lodash.merge-4.6.2.tgz 2952ms (cache miss)
2982 http fetch GET 200 https://registry.npmjs.org/imurmurhash/-/imurmurhash-0.1.4.tgz 2943ms (cache miss)
2983 http fetch GET 200 https://registry.npmjs.org/@eslint/object-schema/-/object-schema-2.1.6.tgz 2956ms (cache miss)
2984 http fetch GET 200 https://registry.npmjs.org/@typescript-eslint/typescript-estree/-/typescript-estree-8.46.0.tgz 3009ms (cache miss)
2985 http fetch GET 200 https://registry.npmjs.org/@typescript-eslint/utils/-/utils-8.46.0.tgz 3001ms (cache miss)
2986 http fetch GET 200 https://registry.npmjs.org/@humanfs/core/-/core-0.19.1.tgz 2971ms (cache miss)
2987 http fetch GET 200 https://registry.npmjs.org/@rushstack/eslint-patch/-/eslint-patch-1.13.0.tgz 2992ms (cache miss)
2988 http fetch GET 200 https://registry.npmjs.org/escape-string-regexp/-/escape-string-regexp-4.0.0.tgz 3003ms (cache miss)
2989 http fetch GET 200 https://registry.npmjs.org/eslint-visitor-keys/-/eslint-visitor-keys-4.2.1.tgz 3006ms (cache miss)
2990 http fetch GET 200 https://registry.npmjs.org/esutils/-/esutils-2.0.3.tgz 3009ms (cache miss)
2991 http fetch GET 200 https://registry.npmjs.org/eslint-scope/-/eslint-scope-8.4.0.tgz 3016ms (cache miss)
2992 http fetch GET 200 https://registry.npmjs.org/resolve/-/resolve-1.22.10.tgz 3112ms (cache miss)
2993 http fetch GET 200 https://registry.npmjs.org/@types/estree/-/estree-1.0.8.tgz 3076ms (cache miss)
2994 http fetch GET 200 https://registry.npmjs.org/@types/json-schema/-/json-schema-7.0.15.tgz 3103ms (cache miss)
2995 http fetch GET 200 https://registry.npmjs.org/@humanwhocodes/module-importer/-/module-importer-1.0.1.tgz 3101ms (cache miss)
2996 http fetch GET 200 https://registry.npmjs.org/@eslint/js/-/js-9.37.0.tgz 3103ms (cache miss)
2997 http fetch GET 200 https://registry.npmjs.org/@next/eslint-plugin-next/-/eslint-plugin-next-15.5.4.tgz 3172ms (cache miss)
2998 http fetch GET 200 https://registry.npmjs.org/@humanwhocodes/retry/-/retry-0.4.3.tgz 3144ms (cache miss)
2999 http fetch GET 200 https://registry.npmjs.org/@humanfs/node/-/node-0.16.7.tgz 3143ms (cache miss)
3000 http fetch GET 200 https://registry.npmjs.org/esquery/-/esquery-1.6.0.tgz 3152ms (cache miss)
3001 http fetch GET 200 https://registry.npmjs.org/@eslint/plugin-kit/-/plugin-kit-0.4.0.tgz 3147ms (cache miss)
3002 http fetch GET 200 https://registry.npmjs.org/@typescript-eslint/scope-manager/-/scope-manager-8.46.0.tgz 3220ms (cache miss)
3003 http fetch GET 200 https://registry.npmjs.org/eslint-plugin-jsx-a11y/-/eslint-plugin-jsx-a11y-6.10.2.tgz 3211ms (cache miss)
3004 http fetch GET 200 https://registry.npmjs.org/graceful-fs/-/graceful-fs-4.2.11.tgz 3211ms (cache miss)
3005 http fetch GET 200 https://registry.npmjs.org/json-schema-traverse/-/json-schema-traverse-0.4.1.tgz 3208ms (cache miss)
3006 http fetch GET 200 https://registry.npmjs.org/ms/-/ms-2.1.3.tgz 3210ms (cache miss)
3007 http fetch GET 200 https://registry.npmjs.org/@eslint/core/-/core-0.16.0.tgz 3217ms (cache miss)
3008 http fetch GET 200 https://registry.npmjs.org/eslint-plugin-react/-/eslint-plugin-react-7.37.5.tgz 3302ms (cache miss)
3009 http fetch GET 200 https://registry.npmjs.org/chalk/-/chalk-4.1.2.tgz 3296ms (cache miss)
3010 http fetch GET 200 https://registry.npmjs.org/fast-deep-equal/-/fast-deep-equal-3.1.3.tgz 3297ms (cache miss)
3011 http fetch GET 200 https://registry.npmjs.org/fast-json-stable-stringify/-/fast-json-stable-stringify-2.1.0.tgz 3299ms (cache miss)
3012 http fetch GET 200 https://registry.npmjs.org/@eslint-community/regexpp/-/regexpp-4.12.1.tgz 3304ms (cache miss)
3013 http fetch GET 200 https://registry.npmjs.org/@img/sharp-libvips-linux-x64/-/sharp-libvips-linux-x64-1.2.3.tgz 3814ms (cache miss)
3014 http fetch GET 200 https://registry.npmjs.org/tapable/-/tapable-2.3.0.tgz 3310ms (cache miss)
3015 http fetch GET 200 https://registry.npmjs.org/@eslint-community/eslint-utils/-/eslint-utils-4.9.0.tgz 3313ms (cache miss)
3016 http fetch GET 200 https://registry.npmjs.org/cross-spawn/-/cross-spawn-7.0.6.tgz 3323ms (cache miss)
3017 http fetch GET 200 https://registry.npmjs.org/uri-js/-/uri-js-4.4.1.tgz 3311ms (cache miss)
3018 http fetch GET 200 https://registry.npmjs.org/csstype/-/csstype-3.1.3.tgz 3324ms (cache miss)
3019 http fetch GET 200 https://registry.npmjs.org/detect-libc/-/detect-libc-2.1.2.tgz 3337ms (cache miss)
3020 http fetch GET 200 https://registry.npmjs.org/undici-types/-/undici-types-6.21.0.tgz 3363ms (cache miss)
3021 http fetch GET 200 https://registry.npmjs.org/@typescript-eslint/eslint-plugin/-/eslint-plugin-8.46.0.tgz 3420ms (cache miss)
3022 http fetch GET 200 https://registry.npmjs.org/source-map-js/-/source-map-js-1.2.1.tgz 3386ms (cache miss)
3023 http fetch GET 200 https://registry.npmjs.org/@jridgewell/sourcemap-codec/-/sourcemap-codec-1.5.5.tgz 3392ms (cache miss)
3024 http fetch GET 200 https://registry.npmjs.org/@jridgewell/trace-mapping/-/trace-mapping-0.3.31.tgz 3400ms (cache miss)
3025 http fetch GET 200 https://registry.npmjs.org/magic-string/-/magic-string-0.30.19.tgz 3404ms (cache miss)
3026 http fetch GET 200 https://registry.npmjs.org/@jridgewell/resolve-uri/-/resolve-uri-3.1.2.tgz 3433ms (cache miss)
3027 http fetch GET 200 https://registry.npmjs.org/eslint-plugin-import/-/eslint-plugin-import-2.32.0.tgz 3509ms (cache miss)
3028 http fetch GET 200 https://registry.npmjs.org/@jridgewell/gen-mapping/-/gen-mapping-0.3.13.tgz 3452ms (cache miss)
3029 http fetch GET 200 https://registry.npmjs.org/enhanced-resolve/-/enhanced-resolve-5.18.3.tgz 3462ms (cache miss)
3030 http fetch GET 200 https://registry.npmjs.org/postcss/-/postcss-8.5.6.tgz 3462ms (cache miss)
3031 http fetch GET 200 https://registry.npmjs.org/strip-json-comments/-/strip-json-comments-3.1.1.tgz 3475ms (cache miss)
3032 http fetch GET 200 https://registry.npmjs.org/minimatch/-/minimatch-3.1.2.tgz 3488ms (cache miss)
3033 http fetch GET 200 https://registry.npmjs.org/import-fresh/-/import-fresh-3.3.1.tgz 3487ms (cache miss)
3034 http fetch GET 200 https://registry.npmjs.org/@eslint/config-helpers/-/config-helpers-0.4.0.tgz 3552ms (cache miss)
3035 http fetch GET 200 https://registry.npmjs.org/@tailwindcss/oxide/-/oxide-4.1.14.tgz 3529ms (cache miss)
3036 http fetch GET 200 https://registry.npmjs.org/@jridgewell/remapping/-/remapping-2.3.5.tgz 3530ms (cache miss)
3037 http fetch GET 200 https://registry.npmjs.org/js-yaml/-/js-yaml-4.1.0.tgz 3544ms (cache miss)
3038 http fetch GET 200 https://registry.npmjs.org/ignore/-/ignore-5.3.2.tgz 3544ms (cache miss)
3039 http fetch GET 200 https://registry.npmjs.org/@alloc/quick-lru/-/quick-lru-5.2.0.tgz 3546ms (cache miss)
3040 http fetch GET 200 https://registry.npmjs.org/@tailwindcss/node/-/node-4.1.14.tgz 3551ms (cache miss)
3041 http fetch GET 200 https://registry.npmjs.org/globals/-/globals-14.0.0.tgz 3566ms (cache miss)
3042 http fetch GET 200 https://registry.npmjs.org/espree/-/espree-10.4.0.tgz 3570ms (cache miss)
3043 http fetch GET 200 https://registry.npmjs.org/debug/-/debug-4.4.3.tgz 3665ms (cache miss)
3044 http fetch GET 200 https://registry.npmjs.org/tar/-/tar-7.5.1.tgz 3713ms (cache miss)
3045 http fetch GET 200 https://registry.npmjs.org/eslint-config-next/-/eslint-config-next-15.5.4.tgz 3691ms (cache miss)
3046 http fetch GET 200 https://registry.npmjs.org/react/-/react-19.1.0.tgz 3696ms (cache miss)
3047 http fetch GET 200 https://registry.npmjs.org/@types/react-dom/-/react-dom-19.2.1.tgz 3699ms (cache miss)
3048 http fetch GET 200 https://registry.npmjs.org/lightningcss/-/lightningcss-1.30.1.tgz 3748ms (cache miss)
3049 http fetch GET 200 https://registry.npmjs.org/@types/react/-/react-19.2.2.tgz 3761ms (cache miss)
3050 http fetch GET 200 https://registry.npmjs.org/picomatch/-/picomatch-4.0.3.tgz 3791ms (cache miss)
3051 http fetch GET 200 https://registry.npmjs.org/tailwindcss/-/tailwindcss-4.1.14.tgz 3816ms (cache miss)
3052 http fetch GET 200 https://registry.npmjs.org/fdir/-/fdir-6.5.0.tgz 3849ms (cache miss)
3053 http fetch GET 200 https://registry.npmjs.org/jiti/-/jiti-2.6.1.tgz 3907ms (cache miss)
3054 http fetch GET 200 https://registry.npmjs.org/glob-parent/-/glob-parent-5.1.2.tgz 3887ms (cache miss)
3055 http fetch GET 200 https://registry.npmjs.org/brace-expansion/-/brace-expansion-2.0.2.tgz 3889ms (cache miss)
3056 http fetch GET 200 https://registry.npmjs.org/@tailwindcss/postcss/-/postcss-4.1.14.tgz 3892ms (cache miss)
3057 http fetch GET 200 https://registry.npmjs.org/semver/-/semver-6.3.1.tgz 3931ms (cache miss)
3058 http fetch GET 200 https://registry.npmjs.org/glob-parent/-/glob-parent-5.1.2.tgz 3938ms (cache miss)
3059 http fetch GET 200 https://registry.npmjs.org/debug/-/debug-3.2.7.tgz 3943ms (cache miss)
3060 http fetch GET 200 https://registry.npmjs.org/@eslint/eslintrc/-/eslintrc-3.3.1.tgz 3947ms (cache miss)
3061 http fetch GET 200 https://registry.npmjs.org/minimatch/-/minimatch-9.0.5.tgz 3978ms (cache miss)
3062 http fetch GET 200 https://registry.npmjs.org/fast-glob/-/fast-glob-3.3.3.tgz 3983ms (cache miss)
3063 http fetch GET 200 https://registry.npmjs.org/ignore/-/ignore-7.0.5.tgz 4058ms (cache miss)
3064 http fetch GET 200 https://registry.npmjs.org/debug/-/debug-3.2.7.tgz 4059ms (cache miss)
3065 http fetch GET 200 https://registry.npmjs.org/eslint-visitor-keys/-/eslint-visitor-keys-3.4.3.tgz 4058ms (cache miss)
3066 http fetch GET 200 https://registry.npmjs.org/debug/-/debug-3.2.7.tgz 4061ms (cache miss)
3067 http fetch GET 200 https://registry.npmjs.org/ajv/-/ajv-6.12.6.tgz 4088ms (cache miss)
3068 http fetch GET 200 https://registry.npmjs.org/postcss/-/postcss-8.4.31.tgz 4389ms (cache miss)
3069 http fetch GET 200 https://registry.npmjs.org/semver/-/semver-6.3.1.tgz 4401ms (cache miss)
3070 http fetch GET 200 https://registry.npmjs.org/resolve/-/resolve-2.0.0-next.5.tgz 4589ms (cache miss)
3071 http fetch GET 200 https://registry.npmjs.org/react-dom/-/react-dom-19.1.0.tgz 4609ms (cache miss)
3072 http fetch GET 200 https://registry.npmjs.org/@types/node/-/node-20.19.21.tgz 4719ms (cache miss)
3073 http fetch GET 200 https://registry.npmjs.org/eslint/-/eslint-9.37.0.tgz 4754ms (cache miss)
3074 http fetch GET 200 https://registry.npmjs.org/es-abstract/-/es-abstract-1.24.0.tgz 5112ms (cache miss)
3075 http fetch GET 200 https://registry.npmjs.org/typescript/-/typescript-5.9.3.tgz 4968ms (cache miss)
3076 http fetch GET 200 https://registry.npmjs.org/@tailwindcss/oxide-linux-x64-gnu/-/oxide-linux-x64-gnu-4.1.14.tgz 5197ms (cache miss)
3077 http fetch GET 200 https://registry.npmjs.org/@eslint/config-array/-/config-array-0.21.0.tgz 6629ms (cache miss)
3078 http fetch GET 200 https://registry.npmjs.org/@next/swc-linux-x64-gnu/-/swc-linux-x64-gnu-15.5.4.tgz 7809ms (cache miss)
3079 http fetch GET 200 https://registry.npmjs.org/next/-/next-15.5.4.tgz 9841ms (cache miss)
3080 info run sharp@0.34.4 install node_modules/sharp node install/check.js
3081 info run sharp@0.34.4 install { code: 0, signal: null }
3082 info run @tailwindcss/oxide@4.1.14 postinstall node_modules/@tailwindcss/oxide node ./scripts/install.js
3083 info run unrs-resolver@1.11.1 postinstall node_modules/unrs-resolver napi-postinstall unrs-resolver 1.11.1 check
3084 info run unrs-resolver@1.11.1 postinstall { code: 0, signal: null }
3085 info run @tailwindcss/oxide@4.1.14 postinstall { code: 0, signal: null }
3086 silly ADD node_modules/is-weakset
3087 silly ADD node_modules/is-weakmap
3088 silly ADD node_modules/is-map
3089 silly ADD node_modules/generator-function
3090 silly ADD node_modules/async-function
3091 silly ADD node_modules/which-collection
3092 silly ADD node_modules/is-generator-function
3093 silly ADD node_modules/is-finalizationregistry
3094 silly ADD node_modules/is-async-function
3095 silly ADD node_modules/is-number-object
3096 silly ADD node_modules/is-boolean-object
3097 silly ADD node_modules/is-bigint
3098 silly ADD node_modules/isexe
3099 silly ADD node_modules/punycode
3100 silly ADD node_modules/@emnapi/wasi-threads
3101 silly ADD node_modules/@tybys/wasm-util
3102 silly ADD node_modules/@emnapi/core
3103 silly ADD node_modules/@napi-rs/wasm-runtime
3104 silly ADD node_modules/napi-postinstall
3105 silly ADD
3106 silly ADD
3107 silly ADD
3108 silly ADD
3109 silly ADD
3110 silly ADD node_modules/@unrs/resolver-binding-linux-x64-gnu
3111 silly ADD
3112 silly ADD
3113 silly ADD
3114 silly ADD
3115 silly ADD
3116 silly ADD
3117 silly ADD
3118 silly ADD
3119 silly ADD
3120 silly ADD
3121 silly ADD
3122 silly ADD
3123 silly ADD
3124 silly ADD node_modules/which-boxed-primitive
3125 silly ADD node_modules/has-bigints
3126 silly ADD node_modules/which-builtin-type
3127 silly ADD node_modules/reflect.getprototypeof
3128 silly ADD node_modules/for-each
3129 silly ADD node_modules/strip-bom
3130 silly ADD node_modules/minimist
3131 silly ADD node_modules/json5
3132 silly ADD node_modules/@types/json5
3133 silly ADD node_modules/is-number
3134 silly ADD node_modules/yallist
3135 silly ADD node_modules/minizlib
3136 silly ADD node_modules/minipass
3137 silly ADD node_modules/chownr
3138 silly ADD node_modules/@isaacs/fs-minipass
3139 silly ADD node_modules/has-flag
3140 silly ADD node_modules/client-only
3141 silly ADD node_modules/side-channel-weakmap
3142 silly ADD node_modules/side-channel-map
3143 silly ADD node_modules/side-channel-list
3144 silly ADD node_modules/shebang-regex
3145 silly ADD node_modules/@emnapi/runtime
3146 silly ADD
3147 silly ADD
3148 silly ADD
3149 silly ADD
3150 silly ADD
3151 silly ADD
3152 silly ADD node_modules/@img/sharp-linux-x64
3153 silly ADD
3154 silly ADD
3155 silly ADD
3156 silly ADD
3157 silly ADD
3158 silly ADD
3159 silly ADD node_modules/@img/sharp-libvips-linux-x64
3160 silly ADD
3161 silly ADD
3162 silly ADD
3163 silly ADD
3164 silly ADD
3165 silly ADD
3166 silly ADD
3167 silly ADD
3168 silly ADD node_modules/@img/colour
3169 silly ADD node_modules/isarray
3170 silly ADD node_modules/queue-microtask
3171 silly ADD node_modules/supports-preserve-symlinks-flag
3172 silly ADD node_modules/path-parse
3173 silly ADD node_modules/scheduler
3174 silly ADD node_modules/js-tokens
3175 silly ADD node_modules/react-is
3176 silly ADD node_modules/object-assign
3177 silly ADD node_modules/loose-envify
3178 silly ADD node_modules/picocolors
3179 silly ADD node_modules/nanoid
3180 silly ADD node_modules/callsites
3181 silly ADD node_modules/yocto-queue
3182 silly ADD node_modules/p-limit
3183 silly ADD node_modules/word-wrap
3184 silly ADD node_modules/fast-levenshtein
3185 silly ADD node_modules/deep-is
3186 silly ADD node_modules/tslib
3187 silly ADD node_modules/styled-jsx
3188 silly ADD node_modules/sharp
3189 silly ADD node_modules/caniuse-lite
3190 silly ADD node_modules/@swc/helpers
3191 silly ADD
3192 silly ADD
3193 silly ADD
3194 silly ADD node_modules/@next/swc-linux-x64-gnu
3195 silly ADD
3196 silly ADD
3197 silly ADD
3198 silly ADD
3199 silly ADD node_modules/@next/env
3200 silly ADD node_modules/concat-map
3201 silly ADD node_modules/balanced-match
3202 silly ADD node_modules/brace-expansion
3203 silly ADD node_modules/to-regex-range
3204 silly ADD node_modules/fill-range
3205 silly ADD node_modules/picomatch
3206 silly ADD node_modules/braces
3207 silly ADD node_modules/p-locate
3208 silly ADD
3209 silly ADD
3210 silly ADD
3211 silly ADD node_modules/lightningcss-linux-x64-gnu
3212 silly ADD
3213 silly ADD
3214 silly ADD
3215 silly ADD
3216 silly ADD
3217 silly ADD
3218 silly ADD node_modules/type-check
3219 silly ADD node_modules/prelude-ls
3220 silly ADD node_modules/language-subtag-registry
3221 silly ADD node_modules/json-buffer
3222 silly ADD node_modules/argparse
3223 silly ADD node_modules/set-function-name
3224 silly ADD node_modules/is-extglob
3225 silly ADD node_modules/side-channel
3226 silly ADD node_modules/resolve-from
3227 silly ADD node_modules/parent-module
3228 silly ADD node_modules/resolve-pkg-maps
3229 silly ADD node_modules/dunder-proto
3230 silly ADD node_modules/functions-have-names
3231 silly ADD node_modules/keyv
3232 silly ADD node_modules/flatted
3233 silly ADD node_modules/path-exists
3234 silly ADD node_modules/locate-path
3235 silly ADD node_modules/flat-cache
3236 silly ADD node_modules/reusify
3237 silly ADD node_modules/run-parallel
3238 silly ADD node_modules/fastq
3239 silly ADD node_modules/@nodelib/fs.scandir
3240 silly ADD node_modules/micromatch
3241 silly ADD node_modules/merge2
3242 silly ADD node_modules/@nodelib/fs.walk
3243 silly ADD node_modules/@nodelib/fs.stat
3244 silly ADD node_modules/acorn-jsx
3245 silly ADD node_modules/acorn
3246 silly ADD node_modules/esrecurse
3247 silly ADD node_modules/iterator.prototype
3248 silly ADD node_modules/string.prototype.repeat
3249 silly ADD node_modules/string.prototype.matchall
3250 silly ADD node_modules/prop-types
3251 silly ADD node_modules/object.entries
3252 silly ADD node_modules/estraverse
3253 silly ADD node_modules/es-iterator-helpers
3254 silly ADD node_modules/array.prototype.tosorted
3255 silly ADD node_modules/array.prototype.findlast
3256 silly ADD node_modules/string.prototype.includes
3257 silly ADD node_modules/language-tags
3258 silly ADD node_modules/jsx-ast-utils
3259 silly ADD node_modules/emoji-regex
3260 silly ADD node_modules/damerau-levenshtein
3261 silly ADD node_modules/axobject-query
3262 silly ADD node_modules/axe-core
3263 silly ADD node_modules/ast-types-flow
3264 silly ADD node_modules/aria-query
3265 silly ADD node_modules/is-symbol
3266 silly ADD node_modules/is-date-object
3267 silly ADD node_modules/has-tostringtag
3268 silly ADD node_modules/possible-typed-array-names
3269 silly ADD node_modules/which-typed-array
3270 silly ADD node_modules/unbox-primitive
3271 silly ADD node_modules/typed-array-length
3272 silly ADD node_modules/typed-array-byte-offset
3273 silly ADD node_modules/typed-array-byte-length
3274 silly ADD node_modules/typed-array-buffer
3275 silly ADD node_modules/string.prototype.trimstart
3276 silly ADD node_modules/string.prototype.trim
3277 silly ADD node_modules/stop-iteration-iterator
3278 silly ADD node_modules/set-proto
3279 silly ADD node_modules/safe-regex-test
3280 silly ADD node_modules/safe-push-apply
3281 silly ADD node_modules/safe-array-concat
3282 silly ADD node_modules/regexp.prototype.flags
3283 silly ADD node_modules/own-keys
3284 silly ADD node_modules/object.assign
3285 silly ADD node_modules/object-inspect
3286 silly ADD node_modules/is-weakref
3287 silly ADD node_modules/is-typed-array
3288 silly ADD node_modules/is-shared-array-buffer
3289 silly ADD node_modules/is-set
3290 silly ADD node_modules/is-regex
3291 silly ADD node_modules/is-negative-zero
3292 silly ADD node_modules/is-data-view
3293 silly ADD node_modules/is-callable
3294 silly ADD node_modules/is-array-buffer
3295 silly ADD node_modules/internal-slot
3296 silly ADD node_modules/has-symbols
3297 silly ADD node_modules/has-proto
3298 silly ADD node_modules/globalthis
3299 silly ADD node_modules/get-symbol-description
3300 silly ADD node_modules/get-proto
3301 silly ADD node_modules/function.prototype.name
3302 silly ADD node_modules/es-to-primitive
3303 silly ADD node_modules/es-set-tostringtag
3304 silly ADD node_modules/data-view-byte-offset
3305 silly ADD node_modules/data-view-byte-length
3306 silly ADD node_modules/data-view-buffer
3307 silly ADD node_modules/available-typed-arrays
3308 silly ADD node_modules/arraybuffer.prototype.slice
3309 silly ADD node_modules/array-buffer-byte-length
3310 silly ADD node_modules/gopd
3311 silly ADD node_modules/object-keys
3312 silly ADD node_modules/has-property-descriptors
3313 silly ADD node_modules/define-data-property
3314 silly ADD node_modules/function-bind
3315 silly ADD node_modules/set-function-length
3316 silly ADD node_modules/es-define-property
3317 silly ADD node_modules/call-bind-apply-helpers
3318 silly ADD node_modules/es-shim-unscopables
3319 silly ADD node_modules/es-errors
3320 silly ADD node_modules/math-intrinsics
3321 silly ADD node_modules/is-string
3322 silly ADD node_modules/get-intrinsic
3323 silly ADD node_modules/es-object-atoms
3324 silly ADD node_modules/es-abstract
3325 silly ADD node_modules/define-properties
3326 silly ADD node_modules/call-bound
3327 silly ADD node_modules/call-bind
3328 silly ADD node_modules/tsconfig-paths
3329 silly ADD node_modules/string.prototype.trimend
3330 silly ADD node_modules/object.values
3331 silly ADD node_modules/object.groupby
3332 silly ADD node_modules/object.fromentries
3333 silly ADD node_modules/hasown
3334 silly ADD node_modules/eslint-module-utils
3335 silly ADD node_modules/eslint-module-utils/node_modules/debug
3336 silly ADD node_modules/doctrine
3337 silly ADD node_modules/array.prototype.flatmap
3338 silly ADD node_modules/array.prototype.flat
3339 silly ADD node_modules/array.prototype.findlastindex
3340 silly ADD node_modules/array-includes
3341 silly ADD node_modules/@rtsao/scc
3342 silly ADD node_modules/unrs-resolver
3343 silly ADD node_modules/tinyglobby
3344 silly ADD node_modules/tinyglobby/node_modules/picomatch
3345 silly ADD node_modules/tinyglobby/node_modules/fdir
3346 silly ADD node_modules/stable-hash
3347 silly ADD node_modules/is-bun-module
3348 silly ADD node_modules/get-tsconfig
3349 silly ADD node_modules/@nolyfill/is-core-module
3350 silly ADD node_modules/resolve
3351 silly ADD node_modules/is-core-module
3352 silly ADD node_modules/semver
3353 silly ADD node_modules/@typescript-eslint/tsconfig-utils
3354 silly ADD node_modules/@typescript-eslint/project-service
3355 silly ADD node_modules/@typescript-eslint/typescript-estree
3356 silly ADD node_modules/@typescript-eslint/typescript-estree/node_modules/brace-expansion
3357 silly ADD node_modules/@typescript-eslint/typescript-estree/node_modules/glob-parent
3358 silly ADD node_modules/@typescript-eslint/typescript-estree/node_modules/minimatch
3359 silly ADD node_modules/@typescript-eslint/typescript-estree/node_modules/fast-glob
3360 silly ADD node_modules/@typescript-eslint/types
3361 silly ADD node_modules/ts-api-utils
3362 silly ADD node_modules/graphemer
3363 silly ADD node_modules/@typescript-eslint/visitor-keys
3364 silly ADD node_modules/@typescript-eslint/utils
3365 silly ADD node_modules/@typescript-eslint/type-utils
3366 silly ADD node_modules/@typescript-eslint/scope-manager
3367 silly ADD node_modules/fast-glob
3368 silly ADD node_modules/fast-glob/node_modules/glob-parent
3369 silly ADD node_modules/eslint-plugin-react-hooks
3370 silly ADD node_modules/eslint-plugin-react
3371 silly ADD node_modules/eslint-plugin-react/node_modules/semver
3372 silly ADD node_modules/eslint-plugin-react/node_modules/resolve
3373 silly ADD node_modules/eslint-plugin-jsx-a11y
3374 silly ADD node_modules/eslint-plugin-import
3375 silly ADD node_modules/eslint-plugin-import/node_modules/semver
3376 silly ADD node_modules/eslint-plugin-import/node_modules/debug
3377 silly ADD node_modules/eslint-import-resolver-typescript
3378 silly ADD node_modules/eslint-import-resolver-node
3379 silly ADD node_modules/eslint-import-resolver-node/node_modules/debug
3380 silly ADD node_modules/@typescript-eslint/parser
3381 silly ADD node_modules/@typescript-eslint/eslint-plugin
3382 silly ADD node_modules/@typescript-eslint/eslint-plugin/node_modules/ignore
3383 silly ADD node_modules/@rushstack/eslint-patch
3384 silly ADD node_modules/@next/eslint-plugin-next
3385 silly ADD node_modules/which
3386 silly ADD node_modules/shebang-command
3387 silly ADD node_modules/path-key
3388 silly ADD node_modules/color-name
3389 silly ADD node_modules/color-convert
3390 silly ADD node_modules/supports-color
3391 silly ADD node_modules/ansi-styles
3392 silly ADD node_modules/@humanfs/core
3393 silly ADD node_modules/levn
3394 silly ADD node_modules/@eslint/object-schema
3395 silly ADD node_modules/optionator
3396 silly ADD node_modules/natural-compare
3397 silly ADD node_modules/lodash.merge
3398 silly ADD node_modules/json-stable-stringify-without-jsonify
3399 silly ADD node_modules/is-glob
3400 silly ADD node_modules/imurmurhash
3401 silly ADD node_modules/glob-parent
3402 silly ADD node_modules/find-up
3403 silly ADD node_modules/file-entry-cache
3404 silly ADD node_modules/esutils
3405 silly ADD node_modules/esquery
3406 silly ADD node_modules/eslint-visitor-keys
3407 silly ADD node_modules/eslint-scope
3408 silly ADD node_modules/escape-string-regexp
3409 silly ADD node_modules/cross-spawn
3410 silly ADD node_modules/chalk
3411 silly ADD node_modules/@types/json-schema
3412 silly ADD node_modules/@types/estree
3413 silly ADD node_modules/@humanwhocodes/retry
3414 silly ADD node_modules/@humanwhocodes/module-importer
3415 silly ADD node_modules/@humanfs/node
3416 silly ADD node_modules/@eslint/plugin-kit
3417 silly ADD node_modules/@eslint/js
3418 silly ADD node_modules/@eslint/core
3419 silly ADD node_modules/@eslint/config-helpers
3420 silly ADD node_modules/@eslint/config-array
3421 silly ADD node_modules/@eslint-community/regexpp
3422 silly ADD node_modules/@eslint-community/eslint-utils
3423 silly ADD node_modules/@eslint-community/eslint-utils/node_modules/eslint-visitor-keys
3424 silly ADD node_modules/tapable
3425 silly ADD node_modules/graceful-fs
3426 silly ADD node_modules/ms
3427 silly ADD node_modules/uri-js
3428 silly ADD node_modules/json-schema-traverse
3429 silly ADD node_modules/fast-json-stable-stringify
3430 silly ADD node_modules/fast-deep-equal
3431 silly ADD node_modules/csstype
3432 silly ADD node_modules/undici-types
3433 silly ADD node_modules/tar
3434 silly ADD node_modules/detect-libc
3435 silly ADD
3436 silly ADD
3437 silly ADD
3438 silly ADD
3439 silly ADD node_modules/@tailwindcss/oxide-linux-x64-gnu
3440 silly ADD
3441 silly ADD
3442 silly ADD
3443 silly ADD
3444 silly ADD
3445 silly ADD
3446 silly ADD
3447 silly ADD node_modules/@jridgewell/resolve-uri
3448 silly ADD node_modules/@jridgewell/sourcemap-codec
3449 silly ADD node_modules/@jridgewell/trace-mapping
3450 silly ADD node_modules/@jridgewell/gen-mapping
3451 silly ADD node_modules/source-map-js
3452 silly ADD node_modules/magic-string
3453 silly ADD node_modules/lightningcss
3454 silly ADD node_modules/jiti
3455 silly ADD node_modules/enhanced-resolve
3456 silly ADD node_modules/@jridgewell/remapping
3457 silly ADD node_modules/postcss
3458 silly ADD node_modules/@tailwindcss/oxide
3459 silly ADD node_modules/@tailwindcss/node
3460 silly ADD node_modules/@alloc/quick-lru
3461 silly ADD node_modules/strip-json-comments
3462 silly ADD node_modules/minimatch
3463 silly ADD node_modules/js-yaml
3464 silly ADD node_modules/import-fresh
3465 silly ADD node_modules/ignore
3466 silly ADD node_modules/globals
3467 silly ADD node_modules/espree
3468 silly ADD node_modules/debug
3469 silly ADD node_modules/ajv
3470 silly ADD node_modules/typescript
3471 silly ADD node_modules/tailwindcss
3472 silly ADD node_modules/react-dom
3473 silly ADD node_modules/react
3474 silly ADD node_modules/next
3475 silly ADD node_modules/next/node_modules/postcss
3476 silly ADD node_modules/eslint-config-next
3477 silly ADD node_modules/eslint
3478 silly ADD node_modules/@types/react-dom
3479 silly ADD node_modules/@types/react
3480 silly ADD node_modules/@types/node
3481 silly ADD node_modules/@tailwindcss/postcss
3482 silly ADD node_modules/@eslint/eslintrc
3483 verbose cwd /home/orta/Documentos/GitHub/Calculadora de IVAs e ISRs
3484 verbose os Linux 6.12.51
3485 verbose node v20.19.5
3486 verbose npm  v10.8.2
3487 verbose exit 0
3488 info ok
